Category Name,Extract Schedule (UTC),Transform Schedule (UTC),Extract Item Schedule (UTC),Transform Item Schedule (UTC),Extract Container Name,Extract Cron Schedule,Transform Container Name,Transform Cron Schedule,Extract Item Container Name,Extract Item Cron Schedule,Transform Item Container Name,Transform Item Cron Schedule,category_code
Cincin-cat.11042921.11042922,0:00,1:00,2:15,7:15,shp-ext-cincin,0 0 * * *,shp-tfm-cincin,0 1 * * *,shp-ext-cincin-itm,15 2 * * *,shp-tfm-cincin-itm,15 7 * * *,11042922
Anting-cat.11042921.11042923,0:00,1:00,2:45,7:45,shp-ext-anting,0 0 * * *,shp-tfm-anting,0 1 * * *,shp-ext-anting-itm,45 2 * * *,shp-tfm-anting-itm,45 7 * * *,11042923
Syal-Selendang-cat.11042921.11042924,0:00,1:00,3:15,8:15,shp-ext-syal-selendang,0 0 * * *,shp-tfm-syal-selendang,0 1 * * *,shp-ext-syal-selendang-itm,15 3 * * *,shp-tfm-syal-selendang-itm,15 8 * * *,11042924
Sarung-Tangan-cat.11042921.11042925,0:00,1:00,3:45,8:45,shp-ext-sarung-tangan,0 0 * * *,shp-tfm-sarung-tangan,0 1 * * *,shp-ext-sarung-tangan-itm,45 3 * * *,shp-tfm-sarung-tangan-itm,45 8 * * *,11042925
Aksesoris-Rambut-cat.11042921.11042930,0:00,1:00,4:15,9:15,shp-ext-aksesoris-rambut,0 0 * * *,shp-tfm-aksesoris-rambut,0 1 * * *,shp-ext-aksesoris-rambut-itm,15 4 * * *,shp-tfm-aksesoris-rambut-itm,15 9 * * *,11042930
Gelang-Tangan-Bangle-cat.11042921.11042937,0:15,1:15,4:45,9:45,shp-ext-gelang-tangan-bangle,15 0 * * *,shp-tfm-gelang-tangan-bangle,15 1 * * *,shp-ext-gelang-tangan-bangle-itm,45 4 * * *,shp-tfm-gelang-tangan-bangle-itm,45 9 * * *,11042937
Gelang-Kaki-cat.11042921.11042938,0:15,1:15,5:15,10:15,shp-ext-gelang-kaki,15 0 * * *,shp-tfm-gelang-kaki,15 1 * * *,shp-ext-gelang-kaki-itm,15 5 * * *,shp-tfm-gelang-kaki-itm,15 10 * * *,11042938
Topi-cat.11042921.11042939,0:15,1:15,5:45,10:45,shp-ext-topi,15 0 * * *,shp-tfm-topi,15 1 * * *,shp-ext-topi-itm,45 5 * * *,shp-tfm-topi-itm,45 10 * * *,11042939
Kalung-cat.11042921.11042947,0:15,1:15,6:15,11:15,shp-ext-kalung,15 0 * * *,shp-tfm-kalung,15 1 * * *,shp-ext-kalung-itm,15 6 * * *,shp-tfm-kalung-itm,15 11 * * *,11042947
Kacamata-Aksesoris-cat.11042921.11042952,0:15,1:15,6:45,11:45,shp-ext-kacamata-aksesoris,15 0 * * *,shp-tfm-kacamata-aksesoris,15 1 * * *,shp-ext-kacamata-aksesoris-itm,45 6 * * *,shp-tfm-kacamata-aksesoris-itm,45 11 * * *,11042952
Lensa-Kontak-Aksesoris-cat.11042921.11053196,0:30,1:30,7:15,12:15,shp-ext-lensa-kontak-aksesoris,30 0 * * *,shp-tfm-lensa-kontak-aksesoris,30 1 * * *,shp-ext-lensa-kontak-aksesoris-itm,15 7 * * *,shp-tfm-lensa-kontak-aksesoris-itm,15 12 * * *,11053196
Logam-Mulia-cat.11042921.11042957,0:30,1:30,7:45,12:45,shp-ext-logam-mulia,30 0 * * *,shp-tfm-logam-mulia,30 1 * * *,shp-ext-logam-mulia-itm,45 7 * * *,shp-tfm-logam-mulia-itm,45 12 * * *,11042957
Ikat-Pinggang-cat.11042921.11042963,0:30,1:30,8:15,13:15,shp-ext-ikat-pinggang,30 0 * * *,shp-tfm-ikat-pinggang,30 1 * * *,shp-ext-ikat-pinggang-itm,15 8 * * *,shp-tfm-ikat-pinggang-itm,15 13 * * *,11042963
Dasi-cat.11042921.11042967,0:30,1:30,8:45,13:45,shp-ext-dasi,30 0 * * *,shp-tfm-dasi,30 1 * * *,shp-ext-dasi-itm,45 8 * * *,shp-tfm-dasi-itm,45 13 * * *,11042967
Aksesoris-Tambahan-cat.11042921.11042968,0:30,1:30,9:15,14:15,shp-ext-aksesoris-tambahan,30 0 * * *,shp-tfm-aksesoris-tambahan,30 1 * * *,shp-ext-aksesoris-tambahan-itm,15 9 * * *,shp-tfm-aksesoris-tambahan-itm,15 14 * * *,11042968
Set-Paket-Aksesoris-cat.11042921.11042976,0:45,1:45,9:45,14:45,shp-ext-set-paket-aksesoris,45 0 * * *,shp-tfm-set-paket-aksesoris,45 1 * * *,shp-ext-set-paket-aksesoris-itm,45 9 * * *,shp-tfm-set-paket-aksesoris-itm,45 14 * * *,11042976
Perhiasan-Berharga-cat.11042921.11042978,0:45,1:45,10:15,15:15,shp-ext-perhiasan-berharga,45 0 * * *,shp-tfm-perhiasan-berharga,45 1 * * *,shp-ext-perhiasan-berharga-itm,15 10 * * *,shp-tfm-perhiasan-berharga-itm,15 15 * * *,11042978
Alat-Tulis-cat.11044123.11044124,0:45,1:45,10:45,15:45,shp-ext-alat-tulis,45 0 * * *,shp-tfm-alat-tulis,45 1 * * *,shp-ext-alat-tulis-itm,45 10 * * *,shp-tfm-alat-tulis-itm,45 15 * * *,11044124
Perlengkapan-Sekolah-Kantor-cat.11044123.11044131,0:45,1:45,11:15,16:15,shp-ext-perlengkapan-sekolah-kantor,45 0 * * *,shp-tfm-perlengkapan-sekolah-kantor,45 1 * * *,shp-ext-perlengkapan-sekolah-kantor-itm,15 11 * * *,shp-tfm-perlengkapan-sekolah-kantor-itm,15 16 * * *,11044131
Folder-Organizer-Kertas-Aksesoris-cat.11044123.11044149,0:45,1:45,11:45,16:45,shp-ext-folder-organizer-kertas-aksesoris,45 0 * * *,shp-tfm-folder-organizer-kertas-aksesoris,45 1 * * *,shp-ext-folder-organizer-kertas-aksesoris-itm,45 11 * * *,shp-tfm-folder-organizer-kertas-aksesoris-itm,45 16 * * *,11044149
Perlengkapan-Menggambar-cat.11044123.11044155,1:00,2:00,12:15,17:15,shp-ext-perlengkapan-menggambar,0 1 * * *,shp-tfm-perlengkapan-menggambar,0 2 * * *,shp-ext-perlengkapan-menggambar-itm,15 12 * * *,shp-tfm-perlengkapan-menggambar-itm,15 17 * * *,11044155
Buku-Tulis-Kertas-cat.11044123.11044166,1:00,2:00,12:45,17:45,shp-ext-buku-tulis-kertas,0 1 * * *,shp-tfm-buku-tulis-kertas,0 2 * * *,shp-ext-buku-tulis-kertas-itm,45 12 * * *,shp-tfm-buku-tulis-kertas-itm,45 17 * * *,11044166
Surat-Menyurat-cat.11044123.11044177,1:00,2:00,13:15,18:15,shp-ext-surat-menyurat,0 1 * * *,shp-tfm-surat-menyurat,0 2 * * *,shp-ext-surat-menyurat-itm,15 13 * * *,shp-tfm-surat-menyurat-itm,15 18 * * *,11044177
Bubble-Wrap-cat.11044123.11044182,1:00,2:00,13:45,18:45,shp-ext-bubble-wrap,0 1 * * *,shp-tfm-bubble-wrap,0 2 * * *,shp-ext-bubble-wrap-itm,45 13 * * *,shp-tfm-bubble-wrap-itm,45 18 * * *,11044182
Majalah-Koran-cat.11044123.11044183,1:00,2:00,14:15,19:15,shp-ext-majalah-koran,0 1 * * *,shp-tfm-majalah-koran,0 2 * * *,shp-ext-majalah-koran-itm,15 14 * * *,shp-tfm-majalah-koran-itm,15 19 * * *,11044183
Buku-Anak-Anak-cat.11044123.11044188,1:15,2:15,14:45,19:45,shp-ext-buku-anak-anak,15 1 * * *,shp-tfm-buku-anak-anak,15 2 * * *,shp-ext-buku-anak-anak-itm,45 14 * * *,shp-tfm-buku-anak-anak-itm,45 19 * * *,11044188
Buku-Edukasi-cat.11044123.11044191,1:15,2:15,15:15,20:15,shp-ext-buku-edukasi,15 1 * * *,shp-tfm-buku-edukasi,15 2 * * *,shp-ext-buku-edukasi-itm,15 15 * * *,shp-tfm-buku-edukasi-itm,15 20 * * *,11044191
Buku-Non-Fiksi-cat.11044123.11044197,1:15,2:15,15:45,20:45,shp-ext-buku-non-fiksi,15 1 * * *,shp-tfm-buku-non-fiksi,15 2 * * *,shp-ext-buku-non-fiksi-itm,45 15 * * *,shp-tfm-buku-non-fiksi-itm,45 20 * * *,11044197
Buku-Fiksi-cat.11044123.11044213,1:15,2:15,16:15,21:15,shp-ext-buku-fiksi,15 1 * * *,shp-tfm-buku-fiksi,15 2 * * *,shp-ext-buku-fiksi-itm,15 16 * * *,shp-tfm-buku-fiksi-itm,15 21 * * *,11044213
Komik-Manga-cat.11044123.11044218,1:15,2:15,16:45,21:45,shp-ext-komik-manga,15 1 * * *,shp-tfm-komik-manga,15 2 * * *,shp-ext-komik-manga-itm,45 16 * * *,shp-tfm-komik-manga-itm,45 21 * * *,11044218
E-Book-cat.11044123.11044223,1:30,2:30,17:15,22:15,shp-ext-e-book,30 1 * * *,shp-tfm-e-book,30 2 * * *,shp-ext-e-book-itm,15 17 * * *,shp-tfm-e-book-itm,15 22 * * *,11044223
Konsol-Game-cat.11044258.11044352,1:30,2:30,17:45,22:45,shp-ext-konsol-game,30 1 * * *,shp-tfm-konsol-game,30 2 * * *,shp-ext-konsol-game-itm,45 17 * * *,shp-tfm-konsol-game-itm,45 22 * * *,11044352
Aksesoris-Konsol-cat.11044258.11044362,1:30,2:30,18:15,23:15,shp-ext-aksesoris-konsol,30 1 * * *,shp-tfm-aksesoris-konsol,30 2 * * *,shp-ext-aksesoris-konsol-itm,15 18 * * *,shp-tfm-aksesoris-konsol-itm,15 23 * * *,11044362
Alat-Casting-cat.11044258.11044363,1:30,2:30,18:45,23:45,shp-ext-alat-casting,30 1 * * *,shp-tfm-alat-casting,30 2 * * *,shp-ext-alat-casting-itm,45 18 * * *,shp-tfm-alat-casting-itm,45 23 * * *,11044363
Foot-Bath-Spa-cat.11044258.11044259,1:30,2:30,19:15,0:15,shp-ext-foot-bath-spa,30 1 * * *,shp-tfm-foot-bath-spa,30 2 * * *,shp-ext-foot-bath-spa-itm,15 19 * * *,shp-tfm-foot-bath-spa-itm,15 0 * * *,11044259
Mesin-Jahit-Aksesoris-cat.11044258.11044260,1:45,2:45,19:45,0:45,shp-ext-mesin-jahit-aksesoris,45 1 * * *,shp-tfm-mesin-jahit-aksesoris,45 2 * * *,shp-ext-mesin-jahit-aksesoris-itm,45 19 * * *,shp-tfm-mesin-jahit-aksesoris-itm,45 0 * * *,11044260
Setrika-Mesin-Uap-cat.11044258.11044261,1:45,2:45,20:15,1:15,shp-ext-setrika-mesin-uap,45 1 * * *,shp-tfm-setrika-mesin-uap,45 2 * * *,shp-ext-setrika-mesin-uap-itm,15 20 * * *,shp-tfm-setrika-mesin-uap-itm,15 1 * * *,11044261
Purifier-Humidifier-cat.11044258.11044262,1:45,2:45,20:45,1:45,shp-ext-purifier-humidifier,45 1 * * *,shp-tfm-purifier-humidifier,45 2 * * *,shp-ext-purifier-humidifier-itm,45 20 * * *,shp-tfm-purifier-humidifier-itm,45 1 * * *,11044262
Penyedot-Debu-Peralatan-Perawatan-Lantai-cat.11044258.11044266,1:45,2:45,21:15,2:15,shp-ext-penyedot-debu-peralatan-perawatan-lantai,45 1 * * *,shp-tfm-penyedot-debu-peralatan-perawatan-lantai,45 2 * * *,shp-ext-penyedot-debu-peralatan-perawatan-lantai-itm,15 21 * * *,shp-tfm-penyedot-debu-peralatan-perawatan-lantai-itm,15 2 * * *,11044266
Telepon-cat.11044258.11044271,1:45,2:45,21:45,2:45,shp-ext-telepon,45 1 * * *,shp-tfm-telepon,45 2 * * *,shp-ext-telepon-itm,45 21 * * *,shp-tfm-telepon-itm,45 2 * * *,11044271
Mesin-Cuci-Pengering-cat.11044258.11044276,2:00,3:00,22:15,3:15,shp-ext-mesin-cuci-pengering,0 2 * * *,shp-tfm-mesin-cuci-pengering,0 3 * * *,shp-ext-mesin-cuci-pengering-itm,15 22 * * *,shp-tfm-mesin-cuci-pengering-itm,15 3 * * *,11044276
Water-Heater-cat.11044258.11044280,2:00,3:00,22:45,3:45,shp-ext-water-heater,0 2 * * *,shp-tfm-water-heater,0 3 * * *,shp-ext-water-heater-itm,45 22 * * *,shp-tfm-water-heater-itm,45 3 * * *,11044280
Pendingin-Ruangan-cat.11044258.11044281,2:00,3:00,23:15,4:15,shp-ext-pendingin-ruangan,0 2 * * *,shp-tfm-pendingin-ruangan,0 3 * * *,shp-ext-pendingin-ruangan-itm,15 23 * * *,shp-tfm-pendingin-ruangan-itm,15 4 * * *,11044281
Pengering-Sepatu-cat.11044258.11044286,2:00,3:00,23:45,4:45,shp-ext-pengering-sepatu,0 2 * * *,shp-tfm-pengering-sepatu,0 3 * * *,shp-ext-pengering-sepatu-itm,45 23 * * *,shp-tfm-pengering-sepatu-itm,45 4 * * *,11044286
Penghangat-Ruangan-cat.11044258.11044287,2:00,3:00,0:15,5:15,shp-ext-penghangat-ruangan,0 2 * * *,shp-tfm-penghangat-ruangan,0 3 * * *,shp-ext-penghangat-ruangan-itm,15 0 * * *,shp-tfm-penghangat-ruangan-itm,15 5 * * *,11044287
TV-Aksesoris-cat.11044258.11044288,2:15,3:15,0:45,5:45,shp-ext-tv-aksesoris,15 2 * * *,shp-tfm-tv-aksesoris,15 3 * * *,shp-ext-tv-aksesoris-itm,45 0 * * *,shp-tfm-tv-aksesoris-itm,45 5 * * *,11044288
Perangkat-Dapur-cat.11044258.11044294,2:15,3:15,1:15,6:15,shp-ext-perangkat-dapur,15 2 * * *,shp-tfm-perangkat-dapur,15 3 * * *,shp-ext-perangkat-dapur-itm,15 1 * * *,shp-tfm-perangkat-dapur-itm,15 6 * * *,11044294
Lampu-cat.11044258.11044550,2:15,3:15,1:45,6:45,shp-ext-lampu,15 2 * * *,shp-tfm-lampu,15 3 * * *,shp-ext-lampu-itm,45 1 * * *,shp-tfm-lampu-itm,45 6 * * *,11044550
Kamera-Keamanan-cat.11044258.11044567,2:15,3:15,2:15,7:15,shp-ext-kamera-keamanan,15 2 * * *,shp-tfm-kamera-keamanan,15 3 * * *,shp-ext-kamera-keamanan-itm,15 2 * * *,shp-tfm-kamera-keamanan-itm,15 7 * * *,11044567
Video-Game-cat.11044258.11044573,2:15,3:15,2:45,7:45,shp-ext-video-game,15 2 * * *,shp-tfm-video-game,15 3 * * *,shp-ext-video-game-itm,45 2 * * *,shp-tfm-video-game-itm,45 7 * * *,11044573
Kelistrikan-cat.11044258.11044319,2:30,3:30,3:15,8:15,shp-ext-kelistrikan,30 2 * * *,shp-tfm-kelistrikan,30 3 * * *,shp-ext-kelistrikan-itm,15 3 * * *,shp-tfm-kelistrikan-itm,15 8 * * *,11044319
Baterai-cat.11044258.11044328,2:30,3:30,3:45,8:45,shp-ext-baterai,30 2 * * *,shp-tfm-baterai,30 3 * * *,shp-ext-baterai-itm,45 3 * * *,shp-tfm-baterai-itm,45 8 * * *,11044328
Vaporizer-cat.11044258.11044329,2:30,3:30,4:15,9:15,shp-ext-vaporizer,30 2 * * *,shp-tfm-vaporizer,30 3 * * *,shp-ext-vaporizer-itm,15 4 * * *,shp-tfm-vaporizer-itm,15 9 * * *,11044329
Remot-Kontrol-cat.11044258.11044335,2:30,3:30,4:45,9:45,shp-ext-remot-kontrol,30 2 * * *,shp-tfm-remot-kontrol,30 3 * * *,shp-ext-remot-kontrol-itm,45 4 * * *,shp-tfm-remot-kontrol-itm,45 9 * * *,11044335
Walkie-Talkie-cat.11044258.11044337,2:30,3:30,5:15,10:15,shp-ext-walkie-talkie,30 2 * * *,shp-tfm-walkie-talkie,30 3 * * *,shp-ext-walkie-talkie-itm,15 5 * * *,shp-tfm-walkie-talkie-itm,15 10 * * *,11044337
Media-Player-cat.11044258.11044338,2:45,3:45,5:45,10:45,shp-ext-media-player,45 2 * * *,shp-tfm-media-player,45 3 * * *,shp-ext-media-player-itm,45 5 * * *,shp-tfm-media-player-itm,45 10 * * *,11044338
Perangkat-Audio-Speaker-cat.11044258.11044344,2:45,3:45,6:15,11:15,shp-ext-perangkat-audio-speaker,45 2 * * *,shp-tfm-perangkat-audio-speaker,45 3 * * *,shp-ext-perangkat-audio-speaker-itm,15 6 * * *,shp-tfm-perangkat-audio-speaker-itm,15 11 * * *,11044344
Pakaian-Bayi-cat.11043031.11043032,2:45,3:45,6:45,11:45,shp-ext-pakaian-bayi,45 2 * * *,shp-tfm-pakaian-bayi,45 3 * * *,shp-ext-pakaian-bayi-itm,45 6 * * *,shp-tfm-pakaian-bayi-itm,45 11 * * *,11043032
Sepatu-Bayi-cat.11043031.11043043,2:45,3:45,7:15,12:15,shp-ext-sepatu-bayi,45 2 * * *,shp-tfm-sepatu-bayi,45 3 * * *,shp-ext-sepatu-bayi-itm,15 7 * * *,shp-tfm-sepatu-bayi-itm,15 12 * * *,11043043
Pakaian-Anak-Laki-Laki-cat.11043031.11043077,2:45,3:45,7:45,12:45,shp-ext-pakaian-anak-laki-laki,45 2 * * *,shp-tfm-pakaian-anak-laki-laki,45 3 * * *,shp-ext-pakaian-anak-laki-laki-itm,45 7 * * *,shp-tfm-pakaian-anak-laki-laki-itm,45 12 * * *,11043077
Pakaian-Anak-Perempuan-cat.11043031.11043092,3:00,4:00,8:15,13:15,shp-ext-pakaian-anak-perempuan,0 3 * * *,shp-tfm-pakaian-anak-perempuan,0 4 * * *,shp-ext-pakaian-anak-perempuan-itm,15 8 * * *,shp-tfm-pakaian-anak-perempuan-itm,15 13 * * *,11043092
Sepatu-Anak-Laki-Laki-cat.11043031.11043110,3:00,4:00,8:45,13:45,shp-ext-sepatu-anak-laki-laki,0 3 * * *,shp-tfm-sepatu-anak-laki-laki,0 4 * * *,shp-ext-sepatu-anak-laki-laki-itm,45 8 * * *,shp-tfm-sepatu-anak-laki-laki-itm,45 13 * * *,11043110
Sepatu-Anak-Perempuan-cat.11043031.11043118,3:00,4:00,9:15,14:15,shp-ext-sepatu-anak-perempuan,0 3 * * *,shp-tfm-sepatu-anak-perempuan,0 4 * * *,shp-ext-sepatu-anak-perempuan-itm,15 9 * * *,shp-tfm-sepatu-anak-perempuan-itm,15 14 * * *,11043118
Tas-Anak-Laki-Laki-cat.11043031.11043044,3:00,4:00,9:45,14:45,shp-ext-tas-anak-laki-laki,0 3 * * *,shp-tfm-tas-anak-laki-laki,0 4 * * *,shp-ext-tas-anak-laki-laki-itm,45 9 * * *,shp-tfm-tas-anak-laki-laki-itm,45 14 * * *,11043044
Tas-Anak-Perempuan-cat.11043031.11043050,3:00,4:00,10:15,15:15,shp-ext-tas-anak-perempuan,0 3 * * *,shp-tfm-tas-anak-perempuan,0 4 * * *,shp-ext-tas-anak-perempuan-itm,15 10 * * *,shp-tfm-tas-anak-perempuan-itm,15 15 * * *,11043050
Aksesoris-Bayi-Anak-cat.11043031.11043056,3:15,4:15,10:45,15:45,shp-ext-aksesoris-bayi-anak,15 3 * * *,shp-tfm-aksesoris-bayi-anak,15 4 * * *,shp-ext-aksesoris-bayi-anak-itm,45 10 * * *,shp-tfm-aksesoris-bayi-anak-itm,45 15 * * *,11043056
Perlengkapan-Hujan-cat.11043031.11043067,3:15,4:15,11:15,16:15,shp-ext-perlengkapan-hujan,15 3 * * *,shp-tfm-perlengkapan-hujan,15 4 * * *,shp-ext-perlengkapan-hujan-itm,15 11 * * *,shp-tfm-perlengkapan-hujan-itm,15 16 * * *,11043067
Perhiasan-cat.11043031.11043071,3:15,4:15,11:45,16:45,shp-ext-perhiasan,15 3 * * *,shp-tfm-perhiasan,15 4 * * *,shp-ext-perhiasan-itm,45 11 * * *,shp-tfm-perhiasan-itm,45 16 * * *,11043071
Hijab-cat.11042684.11042685,3:15,4:15,12:15,17:15,shp-ext-hijab,15 3 * * *,shp-tfm-hijab,15 4 * * *,shp-ext-hijab-itm,15 12 * * *,shp-tfm-hijab-itm,15 17 * * *,11042685
Aksesoris-Muslim-cat.11042684.11042693,3:15,4:15,12:45,17:45,shp-ext-aksesoris-muslim,15 3 * * *,shp-tfm-aksesoris-muslim,15 4 * * *,shp-ext-aksesoris-muslim-itm,45 12 * * *,shp-tfm-aksesoris-muslim-itm,45 17 * * *,11042693
Atasan-Muslim-Wanita-cat.11042684.11042697,3:30,4:30,13:15,18:15,shp-ext-atasan-muslim-wanita,30 3 * * *,shp-tfm-atasan-muslim-wanita,30 4 * * *,shp-ext-atasan-muslim-wanita-itm,15 13 * * *,shp-tfm-atasan-muslim-wanita-itm,15 18 * * *,11042697
Dress-Muslim-cat.11042684.11042702,3:30,4:30,13:45,18:45,shp-ext-dress-muslim,30 3 * * *,shp-tfm-dress-muslim,30 4 * * *,shp-ext-dress-muslim-itm,45 13 * * *,shp-tfm-dress-muslim-itm,45 18 * * *,11042702
Bawahan-Muslim-Wanita-cat.11042684.11042712,3:30,4:30,14:15,19:15,shp-ext-bawahan-muslim-wanita,30 3 * * *,shp-tfm-bawahan-muslim-wanita,30 4 * * *,shp-ext-bawahan-muslim-wanita-itm,15 14 * * *,shp-tfm-bawahan-muslim-wanita-itm,15 19 * * *,11042712
Mukena-Perlengkapan-Sholat-cat.11042684.11042718,3:30,4:30,14:45,19:45,shp-ext-mukena-perlengkapan-sholat,30 3 * * *,shp-tfm-mukena-perlengkapan-sholat,30 4 * * *,shp-ext-mukena-perlengkapan-sholat-itm,45 14 * * *,shp-tfm-mukena-perlengkapan-sholat-itm,45 19 * * *,11042718
Pakaian-Muslim-Pria-cat.11042684.11042725,3:30,4:30,15:15,20:15,shp-ext-pakaian-muslim-pria,30 3 * * *,shp-tfm-pakaian-muslim-pria,30 4 * * *,shp-ext-pakaian-muslim-pria-itm,15 15 * * *,shp-tfm-pakaian-muslim-pria-itm,15 20 * * *,11042725
Pakaian-Muslim-Anak-cat.11042684.11042732,3:45,4:45,15:45,20:45,shp-ext-pakaian-muslim-anak,45 3 * * *,shp-tfm-pakaian-muslim-anak,45 4 * * *,shp-ext-pakaian-muslim-anak-itm,45 15 * * *,shp-tfm-pakaian-muslim-anak-itm,45 20 * * *,11042732
Outerwear-cat.11042684.11042737,3:45,4:45,16:15,21:15,shp-ext-outerwear,45 3 * * *,shp-tfm-outerwear,45 4 * * *,shp-ext-outerwear-itm,15 16 * * *,shp-tfm-outerwear-itm,15 21 * * *,11042737
Set-cat.11042684.11042743,3:45,4:45,16:45,21:45,shp-ext-set,45 3 * * *,shp-tfm-set,45 4 * * *,shp-ext-set-itm,45 16 * * *,shp-tfm-set-itm,45 21 * * *,11042743
Kamera-cat.11044588.11044589,3:45,4:45,17:15,22:15,shp-ext-kamera,45 3 * * *,shp-tfm-kamera,45 4 * * *,shp-ext-kamera-itm,15 17 * * *,shp-tfm-kamera-itm,15 22 * * *,11044589
Lighting-Perlengkapan-Studio-Foto-cat.11044588.11044610,3:45,4:45,17:45,22:45,shp-ext-lighting-perlengkapan-studio-foto,45 3 * * *,shp-tfm-lighting-perlengkapan-studio-foto,45 4 * * *,shp-ext-lighting-perlengkapan-studio-foto-itm,45 17 * * *,shp-tfm-lighting-perlengkapan-studio-foto-itm,45 22 * * *,11044610
Roll-Film-Kertas-Foto-cat.11044588.11044611,4:00,5:00,18:15,23:15,shp-ext-roll-film-kertas-foto,0 4 * * *,shp-tfm-roll-film-kertas-foto,0 5 * * *,shp-ext-roll-film-kertas-foto-itm,15 18 * * *,shp-tfm-roll-film-kertas-foto-itm,15 23 * * *,11044611
Printer-Foto-cat.11044588.11044612,4:00,5:00,18:45,23:45,shp-ext-printer-foto,0 4 * * *,shp-tfm-printer-foto,0 5 * * *,shp-ext-printer-foto-itm,45 18 * * *,shp-tfm-printer-foto-itm,45 23 * * *,11044612
Tas-Casing-Kamera-cat.11044588.11044613,4:00,5:00,19:15,0:15,shp-ext-tas-casing-kamera,0 4 * * *,shp-tfm-tas-casing-kamera,0 5 * * *,shp-ext-tas-casing-kamera-itm,15 19 * * *,shp-tfm-tas-casing-kamera-itm,15 0 * * *,11044613
Charger-Baterai-cat.11044588.11044614,4:00,5:00,19:45,0:45,shp-ext-charger-baterai,0 4 * * *,shp-tfm-charger-baterai,0 5 * * *,shp-ext-charger-baterai-itm,45 19 * * *,shp-tfm-charger-baterai-itm,45 0 * * *,11044614
Baterai-Battery-Grip-cat.11044588.11044615,4:00,5:00,20:15,1:15,shp-ext-baterai-battery-grip,0 4 * * *,shp-tfm-baterai-battery-grip,0 5 * * *,shp-ext-baterai-battery-grip-itm,15 20 * * *,shp-tfm-baterai-battery-grip-itm,15 1 * * *,11044615
Tripod-Monopod-Aksesoris-cat.11044588.11044616,4:15,5:15,20:45,1:45,shp-ext-tripod-monopod-aksesoris,15 4 * * *,shp-tfm-tripod-monopod-aksesoris,15 5 * * *,shp-ext-tripod-monopod-aksesoris-itm,45 20 * * *,shp-tfm-tripod-monopod-aksesoris-itm,45 1 * * *,11044616
Kartu-Memori-cat.11044588.11044617,4:15,5:15,21:15,2:15,shp-ext-kartu-memori,15 4 * * *,shp-tfm-kartu-memori,15 5 * * *,shp-ext-kartu-memori-itm,15 21 * * *,shp-tfm-kartu-memori-itm,15 2 * * *,11044617
Perawatan-Kamera-cat.11044588.11044619,4:15,5:15,21:45,2:45,shp-ext-perawatan-kamera,15 4 * * *,shp-tfm-perawatan-kamera,15 5 * * *,shp-ext-perawatan-kamera-itm,45 21 * * *,shp-tfm-perawatan-kamera-itm,45 2 * * *,11044619
Drone-Aksesoris-cat.11044588.11044626,4:15,5:15,22:15,3:15,shp-ext-drone-aksesoris,15 4 * * *,shp-tfm-drone-aksesoris,15 5 * * *,shp-ext-drone-aksesoris-itm,15 22 * * *,shp-tfm-drone-aksesoris-itm,15 3 * * *,11044626
Gimbal-Stabilizer-cat.11044588.11044630,4:15,5:15,22:45,3:45,shp-ext-gimbal-stabilizer,15 4 * * *,shp-tfm-gimbal-stabilizer,15 5 * * *,shp-ext-gimbal-stabilizer-itm,45 22 * * *,shp-tfm-gimbal-stabilizer-itm,45 3 * * *,11044630
Lensa-Aksesoris-cat.11044588.11044598,4:30,5:30,23:15,4:15,shp-ext-lensa-aksesoris,30 4 * * *,shp-tfm-lensa-aksesoris,30 5 * * *,shp-ext-lensa-aksesoris-itm,15 23 * * *,shp-tfm-lensa-aksesoris-itm,15 4 * * *,11044598
Flash-Aksesoris-cat.11044588.11044605,4:30,5:30,23:45,4:45,shp-ext-flash-aksesoris,30 4 * * *,shp-tfm-flash-aksesoris,30 5 * * *,shp-ext-flash-aksesoris-itm,45 23 * * *,shp-tfm-flash-aksesoris-itm,45 4 * * *,11044605
Kartu-Perdana-cat.11044458.11044459,4:30,5:30,0:15,5:15,shp-ext-kartu-perdana,30 4 * * *,shp-tfm-kartu-perdana,30 5 * * *,shp-ext-kartu-perdana-itm,15 0 * * *,shp-tfm-kartu-perdana-itm,15 5 * * *,11044459
Tablet-cat.11044458.11044460,4:30,5:30,0:45,5:45,shp-ext-tablet,30 4 * * *,shp-tfm-tablet,30 5 * * *,shp-ext-tablet-itm,45 0 * * *,shp-tfm-tablet-itm,45 5 * * *,11044460
Handphone-cat.11044458.11044476,4:30,5:30,1:15,6:15,shp-ext-handphone,30 4 * * *,shp-tfm-handphone,30 5 * * *,shp-ext-handphone-itm,15 1 * * *,shp-tfm-handphone-itm,15 6 * * *,11044476
Perangkat-Wearable-cat.11044458.11044504,4:45,5:45,1:45,6:45,shp-ext-perangkat-wearable,45 4 * * *,shp-tfm-perangkat-wearable,45 5 * * *,shp-ext-perangkat-wearable-itm,45 1 * * *,shp-tfm-perangkat-wearable-itm,45 6 * * *,11044504
Perangkat-VR-cat.11044458.11044507,4:45,5:45,2:15,7:15,shp-ext-perangkat-vr,45 4 * * *,shp-tfm-perangkat-vr,45 5 * * *,shp-ext-perangkat-vr-itm,15 2 * * *,shp-tfm-perangkat-vr-itm,15 7 * * *,11044507
Aksesoris-Selfie-cat.11044458.11044508,4:45,5:45,2:45,7:45,shp-ext-aksesoris-selfie,45 4 * * *,shp-tfm-aksesoris-selfie,45 5 * * *,shp-ext-aksesoris-selfie-itm,45 2 * * *,shp-tfm-aksesoris-selfie-itm,45 7 * * *,11044508
Handphone-Tablet-Aksesoris-cat.11044458.11044514,4:45,5:45,3:15,8:15,shp-ext-handphone-tablet-aksesoris,45 4 * * *,shp-tfm-handphone-tablet-aksesoris,45 5 * * *,shp-ext-handphone-tablet-aksesoris-itm,15 3 * * *,shp-tfm-handphone-tablet-aksesoris-itm,15 8 * * *,11044514
Kartu-Memori-cat.11044458.11044523,4:45,5:45,3:45,8:45,shp-ext-kartu-memori,45 4 * * *,shp-tfm-kartu-memori,45 5 * * *,shp-ext-kartu-memori-itm,45 3 * * *,shp-tfm-kartu-memori-itm,45 8 * * *,11044523
Kabel-Charger-Konverter-cat.11044458.11044527,5:00,6:00,4:15,9:15,shp-ext-kabel-charger-konverter,0 5 * * *,shp-tfm-kabel-charger-konverter,0 6 * * *,shp-ext-kabel-charger-konverter-itm,15 4 * * *,shp-tfm-kabel-charger-konverter-itm,15 9 * * *,11044527
Powerbank-Baterai-cat.11044458.11044534,5:00,6:00,4:45,9:45,shp-ext-powerbank-baterai,0 5 * * *,shp-tfm-powerbank-baterai,0 6 * * *,shp-ext-powerbank-baterai-itm,45 4 * * *,shp-tfm-powerbank-baterai-itm,45 9 * * *,11044534
Casing-Skin-cat.11044458.11044539,5:00,6:00,5:15,10:15,shp-ext-casing-skin,0 5 * * *,shp-tfm-casing-skin,0 6 * * *,shp-ext-casing-skin-itm,15 5 * * *,shp-tfm-casing-skin-itm,15 10 * * *,11044539
Audio-Handphone-cat.11044458.11044544,5:00,6:00,5:45,10:45,shp-ext-audio-handphone,0 5 * * *,shp-tfm-audio-handphone,0 6 * * *,shp-ext-audio-handphone-itm,45 5 * * *,shp-tfm-audio-handphone-itm,45 10 * * *,11044544
Aksesoris-Hewan-Peliharaan-cat.11043572.11043584,5:00,6:00,6:15,11:15,shp-ext-aksesoris-hewan-peliharaan,0 5 * * *,shp-tfm-aksesoris-hewan-peliharaan,0 6 * * *,shp-ext-aksesoris-hewan-peliharaan-itm,15 6 * * *,shp-tfm-aksesoris-hewan-peliharaan-itm,15 11 * * *,11043584
Litter-Toilet-cat.11043572.11043596,5:15,6:15,6:45,11:45,shp-ext-litter-toilet,15 5 * * *,shp-tfm-litter-toilet,15 6 * * *,shp-ext-litter-toilet-itm,45 6 * * *,shp-tfm-litter-toilet-itm,45 11 * * *,11043596
Grooming-Hewan-cat.11043572.11043603,5:15,6:15,7:15,12:15,shp-ext-grooming-hewan,15 5 * * *,shp-tfm-grooming-hewan,15 6 * * *,shp-ext-grooming-hewan-itm,15 7 * * *,shp-tfm-grooming-hewan-itm,15 12 * * *,11043603
Pakaian-Aksesoris-Hewan-cat.11043572.11043608,5:15,6:15,7:45,12:45,shp-ext-pakaian-aksesoris-hewan,15 5 * * *,shp-tfm-pakaian-aksesoris-hewan,15 6 * * *,shp-ext-pakaian-aksesoris-hewan-itm,45 7 * * *,shp-tfm-pakaian-aksesoris-hewan-itm,45 12 * * *,11043608
Perawatan-Kesehatan-Hewan-cat.11043572.11043617,5:15,6:15,8:15,13:15,shp-ext-perawatan-kesehatan-hewan,15 5 * * *,shp-tfm-perawatan-kesehatan-hewan,15 6 * * *,shp-ext-perawatan-kesehatan-hewan-itm,15 8 * * *,shp-tfm-perawatan-kesehatan-hewan-itm,15 13 * * *,11043617
Makanan-Hewan-cat.11043572.11043573,5:15,6:15,8:45,13:45,shp-ext-makanan-hewan,15 5 * * *,shp-tfm-makanan-hewan,15 6 * * *,shp-ext-makanan-hewan-itm,45 8 * * *,shp-tfm-makanan-hewan-itm,45 13 * * *,11043573
Koleksi-cat.11043572.11043622,5:30,6:30,9:15,14:15,shp-ext-koleksi,30 5 * * *,shp-tfm-koleksi,30 6 * * *,shp-ext-koleksi-itm,15 9 * * *,shp-tfm-koleksi-itm,15 14 * * *,11043622
Mainan-Games-cat.11043572.11043633,5:30,6:30,9:45,14:45,shp-ext-mainan-games,30 5 * * *,shp-tfm-mainan-games,30 6 * * *,shp-ext-mainan-games-itm,45 9 * * *,shp-tfm-mainan-games-itm,45 14 * * *,11043633
CD-DVD-Bluray-cat.11043572.11043647,5:30,6:30,10:15,15:15,shp-ext-cd-dvd-bluray,30 5 * * *,shp-tfm-cd-dvd-bluray,30 6 * * *,shp-ext-cd-dvd-bluray-itm,15 10 * * *,shp-tfm-cd-dvd-bluray-itm,15 15 * * *,11043647
Alat-Aksesoris-Musik-cat.11043572.11043648,5:30,6:30,10:45,15:45,shp-ext-alat-aksesoris-musik,30 5 * * *,shp-tfm-alat-aksesoris-musik,30 6 * * *,shp-ext-alat-aksesoris-musik-itm,45 10 * * *,shp-tfm-alat-aksesoris-musik-itm,45 15 * * *,11043648
Piringan-Hitam-cat.11043572.11043656,5:30,6:30,11:15,16:15,shp-ext-piringan-hitam,30 5 * * *,shp-tfm-piringan-hitam,30 6 * * *,shp-ext-piringan-hitam-itm,15 11 * * *,shp-tfm-piringan-hitam-itm,15 16 * * *,11043656
Album-Foto-cat.11043572.11043657,5:45,6:45,11:45,16:45,shp-ext-album-foto,45 5 * * *,shp-tfm-album-foto,45 6 * * *,shp-ext-album-foto-itm,45 11 * * *,shp-tfm-album-foto-itm,45 16 * * *,11043657
Perlengkapan-Menjahit-cat.11043572.11043658,5:45,6:45,12:15,17:15,shp-ext-perlengkapan-menjahit,45 5 * * *,shp-tfm-perlengkapan-menjahit,45 6 * * *,shp-ext-perlengkapan-menjahit-itm,15 12 * * *,shp-tfm-perlengkapan-menjahit-itm,15 17 * * *,11043658
Perlengkapan-Travelling-Bayi-cat.11043350.11043351,5:45,6:45,12:45,17:45,shp-ext-perlengkapan-travelling-bayi,45 5 * * *,shp-tfm-perlengkapan-travelling-bayi,45 6 * * *,shp-ext-perlengkapan-travelling-bayi-itm,45 12 * * *,shp-tfm-perlengkapan-travelling-bayi-itm,45 17 * * *,11043351
Peralatan-Aksesoris-Makan-cat.11043350.11043360,5:45,6:45,13:15,18:15,shp-ext-peralatan-aksesoris-makan,45 5 * * *,shp-tfm-peralatan-aksesoris-makan,45 6 * * *,shp-ext-peralatan-aksesoris-makan-itm,15 13 * * *,shp-tfm-peralatan-aksesoris-makan-itm,15 18 * * *,11043360
Perlengkapan-Botol-Susu-cat.11043350.11043369,5:45,6:45,13:45,18:45,shp-ext-perlengkapan-botol-susu,45 5 * * *,shp-tfm-perlengkapan-botol-susu,45 6 * * *,shp-ext-perlengkapan-botol-susu-itm,45 13 * * *,shp-tfm-perlengkapan-botol-susu-itm,45 18 * * *,11043369
Perlengkapan-Menyusui-cat.11043350.11043375,6:00,7:00,14:15,19:15,shp-ext-perlengkapan-menyusui,0 6 * * *,shp-tfm-perlengkapan-menyusui,0 7 * * *,shp-ext-perlengkapan-menyusui-itm,15 14 * * *,shp-tfm-perlengkapan-menyusui-itm,15 19 * * *,11043375
Perlengkapan-Ibu-Hamil-cat.11043350.11043381,6:00,7:00,14:45,19:45,shp-ext-perlengkapan-ibu-hamil,0 6 * * *,shp-tfm-perlengkapan-ibu-hamil,0 7 * * *,shp-ext-perlengkapan-ibu-hamil-itm,45 14 * * *,shp-tfm-perlengkapan-ibu-hamil-itm,45 19 * * *,11043381
Kesehatan-Kehamilan-cat.11043350.11043385,6:00,7:00,15:15,20:15,shp-ext-kesehatan-kehamilan,0 6 * * *,shp-tfm-kesehatan-kehamilan,0 7 * * *,shp-ext-kesehatan-kehamilan-itm,15 15 * * *,shp-tfm-kesehatan-kehamilan-itm,15 20 * * *,11043385
Perlengkapan-Mandi-cat.11043350.11043404,6:00,7:00,15:45,20:45,shp-ext-perlengkapan-mandi,0 6 * * *,shp-tfm-perlengkapan-mandi,0 7 * * *,shp-ext-perlengkapan-mandi-itm,45 15 * * *,shp-tfm-perlengkapan-mandi-itm,45 20 * * *,11043404
Kamar-Bayi-cat.11043350.11043411,6:00,7:00,16:15,21:15,shp-ext-kamar-bayi,0 6 * * *,shp-tfm-kamar-bayi,0 7 * * *,shp-ext-kamar-bayi-itm,15 16 * * *,shp-tfm-kamar-bayi-itm,15 21 * * *,11043411
Keamanan-Bayi-cat.11043350.11043420,6:15,7:15,16:45,21:45,shp-ext-keamanan-bayi,15 6 * * *,shp-tfm-keamanan-bayi,15 7 * * *,shp-ext-keamanan-bayi-itm,45 16 * * *,shp-tfm-keamanan-bayi-itm,45 21 * * *,11043420
Susu-Formula-Makanan-Bayi-cat.11043350.11043428,6:15,7:15,17:15,22:15,shp-ext-susu-formula-makanan-bayi,15 6 * * *,shp-tfm-susu-formula-makanan-bayi,15 7 * * *,shp-ext-susu-formula-makanan-bayi-itm,15 17 * * *,shp-tfm-susu-formula-makanan-bayi-itm,15 22 * * *,11043428
Popok-Pispot-cat.11043350.11043433,6:15,7:15,17:45,22:45,shp-ext-popok-pispot,15 6 * * *,shp-tfm-popok-pispot,15 7 * * *,shp-ext-popok-pispot-itm,45 17 * * *,shp-tfm-popok-pispot-itm,45 22 * * *,11043433
Mainan-cat.11043350.11043439,6:15,7:15,18:15,23:15,shp-ext-mainan,15 6 * * *,shp-tfm-mainan,15 7 * * *,shp-ext-mainan-itm,15 18 * * *,shp-tfm-mainan-itm,15 23 * * *,11043439
Set-Paket-Hadiah-cat.11043350.11043449,6:15,7:15,18:45,23:45,shp-ext-set-paket-hadiah,15 6 * * *,shp-tfm-set-paket-hadiah,15 7 * * *,shp-ext-set-paket-hadiah-itm,45 18 * * *,shp-tfm-set-paket-hadiah-itm,45 23 * * *,11043449
Jam-Tangan-Wanita-cat.11042900.11042901,6:30,7:30,19:15,0:15,shp-ext-jam-tangan-wanita,30 6 * * *,shp-tfm-jam-tangan-wanita,30 7 * * *,shp-ext-jam-tangan-wanita-itm,15 19 * * *,shp-tfm-jam-tangan-wanita-itm,15 0 * * *,11042901
Jam-Tangan-Pria-cat.11042900.11042905,6:30,7:30,19:45,0:45,shp-ext-jam-tangan-pria,30 6 * * *,shp-tfm-jam-tangan-pria,30 7 * * *,shp-ext-jam-tangan-pria-itm,45 19 * * *,shp-tfm-jam-tangan-pria-itm,45 0 * * *,11042905
Jam-Tangan-Couple-cat.11042900.11042909,6:30,7:30,20:15,1:15,shp-ext-jam-tangan-couple,30 6 * * *,shp-tfm-jam-tangan-couple,30 7 * * *,shp-ext-jam-tangan-couple-itm,15 20 * * *,shp-tfm-jam-tangan-couple-itm,15 1 * * *,11042909
Aksesoris-Jam-Tangan-cat.11042900.11042913,6:30,7:30,20:45,1:45,shp-ext-aksesoris-jam-tangan,30 6 * * *,shp-tfm-aksesoris-jam-tangan,30 7 * * *,shp-ext-aksesoris-jam-tangan-itm,45 20 * * *,shp-tfm-aksesoris-jam-tangan-itm,45 1 * * *,11042913
Kewanitaan-cat.11043279.11043331,6:30,7:30,21:15,2:15,shp-ext-kewanitaan,30 6 * * *,shp-tfm-kewanitaan,30 7 * * *,shp-ext-kewanitaan-itm,15 21 * * *,shp-tfm-kewanitaan-itm,15 2 * * *,11043331
Kesehatan-Seksual-cat.11043279.11043339,6:45,7:45,21:45,2:45,shp-ext-kesehatan-seksual,45 6 * * *,shp-tfm-kesehatan-seksual,45 7 * * *,shp-ext-kesehatan-seksual-itm,45 21 * * *,shp-tfm-kesehatan-seksual-itm,45 2 * * *,11043339
Perawatan-Mata-cat.11043279.11043346,6:45,7:45,22:15,3:15,shp-ext-perawatan-mata,45 6 * * *,shp-tfm-perawatan-mata,45 7 * * *,shp-ext-perawatan-mata-itm,15 22 * * *,shp-tfm-perawatan-mata-itm,15 3 * * *,11043346
Suplemen-Makanan-cat.11043279.11043280,6:45,7:45,22:45,3:45,shp-ext-suplemen-makanan,45 6 * * *,shp-tfm-suplemen-makanan,45 7 * * *,shp-ext-suplemen-makanan-itm,45 22 * * *,shp-tfm-suplemen-makanan-itm,45 3 * * *,11043280
Obat-obatan-Alat-Kesehatan-cat.11043279.11043288,6:45,7:45,23:15,4:15,shp-ext-obat-obatan-alat-kesehatan,45 6 * * *,shp-tfm-obat-obatan-alat-kesehatan,45 7 * * *,shp-ext-obat-obatan-alat-kesehatan-itm,15 23 * * *,shp-tfm-obat-obatan-alat-kesehatan-itm,15 4 * * *,11043288
Alat-Tes-Monitor-cat.11043279.11043296,6:45,7:45,23:45,4:45,shp-ext-alat-tes-monitor,45 6 * * *,shp-tfm-alat-tes-monitor,45 7 * * *,shp-ext-alat-tes-monitor-itm,45 23 * * *,shp-tfm-alat-tes-monitor-itm,45 4 * * *,11043296
P3K-cat.11043279.11043302,7:00,8:00,0:15,5:15,shp-ext-p3k,0 7 * * *,shp-tfm-p3k,0 8 * * *,shp-ext-p3k-itm,15 0 * * *,shp-tfm-p3k-itm,15 5 * * *,11043302
Alat-Bantu-Cedera-Disabilitas-cat.11043279.11043308,7:00,8:00,0:45,5:45,shp-ext-alat-bantu-cedera-disabilitas,0 7 * * *,shp-tfm-alat-bantu-cedera-disabilitas,0 8 * * *,shp-ext-alat-bantu-cedera-disabilitas-itm,45 0 * * *,shp-tfm-alat-bantu-cedera-disabilitas-itm,45 5 * * *,11043308
Obat-Nyamuk-cat.11043279.11043314,7:00,8:00,1:15,6:15,shp-ext-obat-nyamuk,0 7 * * *,shp-tfm-obat-nyamuk,0 8 * * *,shp-ext-obat-nyamuk-itm,15 1 * * *,shp-tfm-obat-nyamuk-itm,15 6 * * *,11043314
Popok-Dewasa-cat.11043279.11043315,7:00,8:00,1:45,6:45,shp-ext-popok-dewasa,0 7 * * *,shp-tfm-popok-dewasa,0 8 * * *,shp-ext-popok-dewasa-itm,45 1 * * *,shp-tfm-popok-dewasa-itm,45 6 * * *,11043315
Hand-Sanitizer-cat.11043279.11043316,7:00,8:00,2:15,7:15,shp-ext-hand-sanitizer,0 7 * * *,shp-tfm-hand-sanitizer,0 8 * * *,shp-ext-hand-sanitizer-itm,15 2 * * *,shp-tfm-hand-sanitizer-itm,15 7 * * *,11043316
Minyak-Esensial-cat.11043279.11043317,7:15,8:15,2:45,7:45,shp-ext-minyak-esensial,15 7 * * *,shp-tfm-minyak-esensial,15 8 * * *,shp-ext-minyak-esensial-itm,45 2 * * *,shp-tfm-minyak-esensial-itm,45 7 * * *,11043317
Perawatan-Hidung-Pernafasan-cat.11043279.11043318,7:15,8:15,3:15,8:15,shp-ext-perawatan-hidung-pernafasan,15 7 * * *,shp-tfm-perawatan-hidung-pernafasan,15 8 * * *,shp-ext-perawatan-hidung-pernafasan-itm,15 3 * * *,shp-tfm-perawatan-hidung-pernafasan-itm,15 8 * * *,11043318
Perawatan-Telinga-cat.11043279.11043319,7:15,8:15,3:45,8:45,shp-ext-perawatan-telinga,15 7 * * *,shp-tfm-perawatan-telinga,15 8 * * *,shp-ext-perawatan-telinga-itm,45 3 * * *,shp-tfm-perawatan-telinga-itm,45 8 * * *,11043319
Desktop-cat.11044364.11044365,7:15,8:15,4:15,9:15,shp-ext-desktop,15 7 * * *,shp-tfm-desktop,15 8 * * *,shp-ext-desktop-itm,15 4 * * *,shp-tfm-desktop-itm,15 9 * * *,11044365
Monitor-cat.11044364.11044371,7:15,8:15,4:45,9:45,shp-ext-monitor,15 7 * * *,shp-tfm-monitor,15 8 * * *,shp-ext-monitor-itm,45 4 * * *,shp-tfm-monitor-itm,45 9 * * *,11044371
Komponen-Desktop-Laptop-cat.11044364.11044372,7:30,8:30,5:15,10:15,shp-ext-komponen-desktop-laptop,30 7 * * *,shp-tfm-komponen-desktop-laptop,30 8 * * *,shp-ext-komponen-desktop-laptop-itm,15 5 * * *,shp-tfm-komponen-desktop-laptop-itm,15 10 * * *,11044372
Penyimpanan-Data-cat.11044364.11044386,7:30,8:30,5:45,10:45,shp-ext-penyimpanan-data,30 7 * * *,shp-tfm-penyimpanan-data,30 8 * * *,shp-ext-penyimpanan-data-itm,45 5 * * *,shp-tfm-penyimpanan-data-itm,45 10 * * *,11044386
Komponen-Network-cat.11044364.11044394,7:30,8:30,6:15,11:15,shp-ext-komponen-network,30 7 * * *,shp-tfm-komponen-network,30 8 * * *,shp-ext-komponen-network-itm,15 6 * * *,shp-tfm-komponen-network-itm,15 11 * * *,11044394
Software-cat.11044364.11044405,7:30,8:30,6:45,11:45,shp-ext-software,30 7 * * *,shp-tfm-software,30 8 * * *,shp-ext-software-itm,45 6 * * *,shp-tfm-software-itm,45 11 * * *,11044405
Peralatan-Kantor-cat.11044364.11044410,7:30,8:30,7:15,12:15,shp-ext-peralatan-kantor,30 7 * * *,shp-tfm-peralatan-kantor,30 8 * * *,shp-ext-peralatan-kantor-itm,15 7 * * *,shp-tfm-peralatan-kantor-itm,15 12 * * *,11044410
Printer-Scanner-cat.11044364.11044416,7:45,8:45,7:45,12:45,shp-ext-printer-scanner,45 7 * * *,shp-tfm-printer-scanner,45 8 * * *,shp-ext-printer-scanner-itm,45 7 * * *,shp-tfm-printer-scanner-itm,45 12 * * *,11044416
Aksesoris-Desktop-Laptop-cat.11044364.11044422,7:45,8:45,8:15,13:15,shp-ext-aksesoris-desktop-laptop,45 7 * * *,shp-tfm-aksesoris-desktop-laptop,45 8 * * *,shp-ext-aksesoris-desktop-laptop-itm,15 8 * * *,shp-tfm-aksesoris-desktop-laptop-itm,15 13 * * *,11044422
Keyboard-Mouse-cat.11044364.11044434,7:45,8:45,8:45,13:45,shp-ext-keyboard-mouse,45 7 * * *,shp-tfm-keyboard-mouse,45 8 * * *,shp-ext-keyboard-mouse-itm,45 8 * * *,shp-tfm-keyboard-mouse-itm,45 13 * * *,11044434
Laptop-cat.11044364.11044440,7:45,8:45,9:15,14:15,shp-ext-laptop,45 7 * * *,shp-tfm-laptop,45 8 * * *,shp-ext-laptop-itm,15 9 * * *,shp-tfm-laptop-itm,15 14 * * *,11044440
Gaming-cat.11044364.11044445,7:45,8:45,9:45,14:45,shp-ext-gaming,45 7 * * *,shp-tfm-gaming,45 8 * * *,shp-ext-gaming-itm,45 9 * * *,shp-tfm-gaming-itm,45 14 * * *,11044445
Audio-Computer-cat.11044364.11044451,8:00,9:00,10:15,15:15,shp-ext-audio-computer,0 8 * * *,shp-tfm-audio-computer,0 9 * * *,shp-ext-audio-computer-itm,15 10 * * *,shp-tfm-audio-computer-itm,15 15 * * *,11044451
Proyektor-Aksesoris-cat.11044364.11044584,8:00,9:00,10:45,15:45,shp-ext-proyektor-aksesoris,0 8 * * *,shp-tfm-proyektor-aksesoris,0 9 * * *,shp-ext-proyektor-aksesoris-itm,45 10 * * *,shp-tfm-proyektor-aksesoris-itm,45 15 * * *,11044584
Makanan-Ringan-cat.11043451.11043453,8:00,9:00,11:15,16:15,shp-ext-makanan-ringan,0 8 * * *,shp-tfm-makanan-ringan,0 9 * * *,shp-ext-makanan-ringan-itm,15 11 * * *,shp-tfm-makanan-ringan-itm,15 16 * * *,11043453
Bahan-Pokok-cat.11043451.11043467,8:00,9:00,11:45,16:45,shp-ext-bahan-pokok,0 8 * * *,shp-tfm-bahan-pokok,0 9 * * *,shp-ext-bahan-pokok-itm,45 11 * * *,shp-tfm-bahan-pokok-itm,45 16 * * *,11043467
Menu-Sarapan-cat.11043451.11043496,8:00,9:00,12:15,17:15,shp-ext-menu-sarapan,0 8 * * *,shp-tfm-menu-sarapan,0 9 * * *,shp-ext-menu-sarapan-itm,15 12 * * *,shp-tfm-menu-sarapan-itm,15 17 * * *,11043496
Minuman-cat.11043451.11043502,8:15,9:15,12:45,17:45,shp-ext-minuman,15 8 * * *,shp-tfm-minuman,15 9 * * *,shp-ext-minuman-itm,45 12 * * *,shp-tfm-minuman-itm,45 17 * * *,11043502
Susu-Olahan-cat.11043451.11043517,8:15,9:15,13:15,18:15,shp-ext-susu-olahan,15 8 * * *,shp-tfm-susu-olahan,15 9 * * *,shp-ext-susu-olahan-itm,15 13 * * *,shp-tfm-susu-olahan-itm,15 18 * * *,11043517
Makanan-Segar-Beku-cat.11043451.11043529,8:15,9:15,13:45,18:45,shp-ext-makanan-segar-beku,15 8 * * *,shp-tfm-makanan-segar-beku,15 9 * * *,shp-ext-makanan-segar-beku-itm,45 13 * * *,shp-tfm-makanan-segar-beku-itm,45 18 * * *,11043529
Roti-Kue-cat.11043451.11043544,8:15,9:15,14:15,19:15,shp-ext-roti-kue,15 8 * * *,shp-tfm-roti-kue,15 9 * * *,shp-ext-roti-kue-itm,15 14 * * *,shp-tfm-roti-kue-itm,15 19 * * *,11043544
Set-Hadiah-Hampers-cat.11043451.11043555,8:15,9:15,14:45,19:45,shp-ext-set-hadiah-hampers,15 8 * * *,shp-tfm-set-hadiah-hampers,15 9 * * *,shp-ext-set-hadiah-hampers-itm,45 14 * * *,shp-tfm-set-hadiah-hampers-itm,45 19 * * *,11043555
Makanan-Kaleng-cat.11043451.11043557,8:30,9:30,15:15,20:15,shp-ext-makanan-kaleng,30 8 * * *,shp-tfm-makanan-kaleng,30 9 * * *,shp-ext-makanan-kaleng-itm,15 15 * * *,shp-tfm-makanan-kaleng-itm,15 20 * * *,11043557
Makanan-Instan-cat.11043451.11043564,8:30,9:30,15:45,20:45,shp-ext-makanan-instan,30 8 * * *,shp-tfm-makanan-instan,30 9 * * *,shp-ext-makanan-instan-itm,45 15 * * *,shp-tfm-makanan-instan-itm,45 20 * * *,11043564
Pakaian-Olahraga-Anak-cat.11043958.11044100,8:30,9:30,16:15,21:15,shp-ext-pakaian-olahraga-anak,30 8 * * *,shp-tfm-pakaian-olahraga-anak,30 9 * * *,shp-ext-pakaian-olahraga-anak-itm,15 16 * * *,shp-tfm-pakaian-olahraga-anak-itm,15 21 * * *,11044100
Aksesoris-Olahraga-Aktivitas-Outdoor-cat.11043958.11044101,8:30,9:30,16:45,21:45,shp-ext-aksesoris-olahraga-aktivitas-outdoor,30 8 * * *,shp-tfm-aksesoris-olahraga-aktivitas-outdoor,30 9 * * *,shp-ext-aksesoris-olahraga-aktivitas-outdoor-itm,45 16 * * *,shp-tfm-aksesoris-olahraga-aktivitas-outdoor-itm,45 21 * * *,11044101
Boardsport-cat.11043958.11044113,8:30,9:30,17:15,22:15,shp-ext-boardsport,30 8 * * *,shp-tfm-boardsport,30 9 * * *,shp-ext-boardsport-itm,15 17 * * *,shp-tfm-boardsport-itm,15 22 * * *,11044113
Alat-Pancing-cat.11043958.11043959,8:45,9:45,17:45,22:45,shp-ext-alat-pancing,45 8 * * *,shp-tfm-alat-pancing,45 9 * * *,shp-ext-alat-pancing-itm,45 17 * * *,shp-tfm-alat-pancing-itm,45 22 * * *,11043959
Bersepeda-cat.11043958.11043968,8:45,9:45,18:15,23:15,shp-ext-bersepeda,45 8 * * *,shp-tfm-bersepeda,45 9 * * *,shp-ext-bersepeda-itm,15 18 * * *,shp-tfm-bersepeda-itm,15 23 * * *,11043968
Camping-Hiking-cat.11043958.11043974,8:45,9:45,18:45,23:45,shp-ext-camping-hiking,45 8 * * *,shp-tfm-camping-hiking,45 9 * * *,shp-ext-camping-hiking-itm,45 18 * * *,shp-tfm-camping-hiking-itm,45 23 * * *,11043974
Panjat-Tebing-cat.11043958.11043987,8:45,9:45,19:15,0:15,shp-ext-panjat-tebing,45 8 * * *,shp-tfm-panjat-tebing,45 9 * * *,shp-ext-panjat-tebing-itm,15 19 * * *,shp-tfm-panjat-tebing-itm,15 0 * * *,11043987
Panahan-cat.11043958.11043988,8:45,9:45,19:45,0:45,shp-ext-panahan,45 8 * * *,shp-tfm-panahan,45 9 * * *,shp-ext-panahan-itm,45 19 * * *,shp-tfm-panahan-itm,45 0 * * *,11043988
Sepak-Bola-Futsal-Sepak-Takraw-cat.11043958.11043992,9:00,10:00,20:15,1:15,shp-ext-sepak-bola-futsal-sepak-takraw,0 9 * * *,shp-tfm-sepak-bola-futsal-sepak-takraw,0 10 * * *,shp-ext-sepak-bola-futsal-sepak-takraw-itm,15 20 * * *,shp-tfm-sepak-bola-futsal-sepak-takraw-itm,15 1 * * *,11043992
Basket-cat.11043958.11043999,9:00,10:00,20:45,1:45,shp-ext-basket,0 9 * * *,shp-tfm-basket,0 10 * * *,shp-ext-basket-itm,45 20 * * *,shp-tfm-basket-itm,45 1 * * *,11043999
Voli-cat.11043958.11044004,9:00,10:00,21:15,2:15,shp-ext-voli,0 9 * * *,shp-tfm-voli,0 10 * * *,shp-ext-voli-itm,15 21 * * *,shp-tfm-voli-itm,15 2 * * *,11044004
Bulu-Tangkis-cat.11043958.11044008,9:00,10:00,21:45,2:45,shp-ext-bulu-tangkis,0 9 * * *,shp-tfm-bulu-tangkis,0 10 * * *,shp-ext-bulu-tangkis-itm,45 21 * * *,shp-tfm-bulu-tangkis-itm,45 2 * * *,11044008
Tenis-cat.11043958.11044013,9:00,10:00,22:15,3:15,shp-ext-tenis,0 9 * * *,shp-tfm-tenis,0 10 * * *,shp-ext-tenis-itm,15 22 * * *,shp-tfm-tenis-itm,15 3 * * *,11044013
Tenis-Meja-cat.11043958.11044019,9:15,10:15,22:45,3:45,shp-ext-tenis-meja,15 9 * * *,shp-tfm-tenis-meja,15 10 * * *,shp-ext-tenis-meja-itm,45 22 * * *,shp-tfm-tenis-meja-itm,45 3 * * *,11044019
Tinju-Bela-Diri-cat.11043958.11044024,9:15,10:15,23:15,4:15,shp-ext-tinju-bela-diri,15 9 * * *,shp-tfm-tinju-bela-diri,15 10 * * *,shp-ext-tinju-bela-diri-itm,15 23 * * *,shp-tfm-tinju-bela-diri-itm,15 4 * * *,11044024
Golf-cat.11043958.11044031,9:15,10:15,23:45,4:45,shp-ext-golf,15 9 * * *,shp-tfm-golf,15 10 * * *,shp-ext-golf-itm,45 23 * * *,shp-tfm-golf-itm,45 4 * * *,11044031
Baseball-Softball-cat.11043958.11044038,9:15,10:15,0:15,5:15,shp-ext-baseball-softball,15 9 * * *,shp-tfm-baseball-softball,15 10 * * *,shp-ext-baseball-softball-itm,15 0 * * *,shp-tfm-baseball-softball-itm,15 5 * * *,11044038
Squash-cat.11043958.11044039,9:15,10:15,0:45,5:45,shp-ext-squash,15 9 * * *,shp-tfm-squash,15 10 * * *,shp-ext-squash-itm,45 0 * * *,shp-tfm-squash-itm,45 5 * * *,11044039
Rugbi-cat.11043958.11044040,9:30,10:30,1:15,6:15,shp-ext-rugbi,30 9 * * *,shp-tfm-rugbi,30 10 * * *,shp-ext-rugbi-itm,15 1 * * *,shp-tfm-rugbi-itm,15 6 * * *,11044040
Billiard-cat.11043958.11044041,9:30,10:30,1:45,6:45,shp-ext-billiard,30 9 * * *,shp-tfm-billiard,30 10 * * *,shp-ext-billiard-itm,45 1 * * *,shp-tfm-billiard-itm,45 6 * * *,11044041
Selancar-Wakeboard-cat.11043958.11044042,9:30,10:30,2:15,7:15,shp-ext-selancar-wakeboard,30 9 * * *,shp-tfm-selancar-wakeboard,30 10 * * *,shp-ext-selancar-wakeboard-itm,15 2 * * *,shp-tfm-selancar-wakeboard-itm,15 7 * * *,11044042
Ice-Skating-Olahraga-Musim-Dingin-cat.11043958.11044043,9:30,10:30,2:45,7:45,shp-ext-ice-skating-olahraga-musim-dingin,30 9 * * *,shp-tfm-ice-skating-olahraga-musim-dingin,30 10 * * *,shp-ext-ice-skating-olahraga-musim-dingin-itm,45 2 * * *,shp-tfm-ice-skating-olahraga-musim-dingin-itm,45 7 * * *,11044043
Diving-Renang-cat.11043958.11044044,9:30,10:30,3:15,8:15,shp-ext-diving-renang,30 9 * * *,shp-tfm-diving-renang,30 10 * * *,shp-ext-diving-renang-itm,15 3 * * *,shp-tfm-diving-renang-itm,15 8 * * *,11044044
Boating-cat.11043958.11044060,9:45,10:45,3:45,8:45,shp-ext-boating,45 9 * * *,shp-tfm-boating,45 10 * * *,shp-ext-boating-itm,45 3 * * *,shp-tfm-boating-itm,45 8 * * *,11044060
Yoga-Pilates-cat.11043958.11044061,9:45,10:45,4:15,9:15,shp-ext-yoga-pilates,45 9 * * *,shp-tfm-yoga-pilates,45 10 * * *,shp-ext-yoga-pilates-itm,15 4 * * *,shp-tfm-yoga-pilates-itm,15 9 * * *,11044061
Fitness-cat.11043958.11044066,9:45,10:45,4:45,9:45,shp-ext-fitness,45 9 * * *,shp-tfm-fitness,45 10 * * *,shp-ext-fitness-itm,45 4 * * *,shp-tfm-fitness-itm,45 9 * * *,11044066
Dart-cat.11043958.11044074,9:45,10:45,5:15,10:15,shp-ext-dart,45 9 * * *,shp-tfm-dart,45 10 * * *,shp-ext-dart-itm,15 5 * * *,shp-tfm-dart-itm,15 10 * * *,11044074
Sepatu-Olahraga-cat.11043958.11044075,9:45,10:45,5:45,10:45,shp-ext-sepatu-olahraga,45 9 * * *,shp-tfm-sepatu-olahraga,45 10 * * *,shp-ext-sepatu-olahraga-itm,45 5 * * *,shp-tfm-sepatu-olahraga-itm,45 10 * * *,11044075
Pakaian-Olahraga-Pria-cat.11043958.11044087,10:00,11:00,6:15,11:15,shp-ext-pakaian-olahraga-pria,0 10 * * *,shp-tfm-pakaian-olahraga-pria,0 11 * * *,shp-ext-pakaian-olahraga-pria-itm,15 6 * * *,shp-tfm-pakaian-olahraga-pria-itm,15 11 * * *,11044087
Pakaian-Olahraga-Wanita-cat.11043958.11044093,10:00,11:00,6:45,11:45,shp-ext-pakaian-olahraga-wanita,0 10 * * *,shp-tfm-pakaian-olahraga-wanita,0 11 * * *,shp-ext-pakaian-olahraga-wanita-itm,45 6 * * *,shp-tfm-pakaian-olahraga-wanita-itm,45 11 * * *,11044093
Mobil-cat.11043660.11043661,10:00,11:00,7:15,12:15,shp-ext-mobil,0 10 * * *,shp-tfm-mobil,0 11 * * *,shp-ext-mobil-itm,15 7 * * *,shp-tfm-mobil-itm,15 12 * * *,11043661
Aksesoris-Interior-Mobil-cat.11043660.11043662,10:00,11:00,7:45,12:45,shp-ext-aksesoris-interior-mobil,0 10 * * *,shp-tfm-aksesoris-interior-mobil,0 11 * * *,shp-ext-aksesoris-interior-mobil-itm,45 7 * * *,shp-tfm-aksesoris-interior-mobil-itm,45 12 * * *,11043662
Aksesoris-Eksterior-Mobil-cat.11043660.11043681,10:00,11:00,8:15,13:15,shp-ext-aksesoris-eksterior-mobil,0 10 * * *,shp-tfm-aksesoris-eksterior-mobil,0 11 * * *,shp-ext-aksesoris-eksterior-mobil-itm,15 8 * * *,shp-tfm-aksesoris-eksterior-mobil-itm,15 13 * * *,11043681
Suku-Cadang-Mobil-cat.11043660.11043693,10:15,11:15,8:45,13:45,shp-ext-suku-cadang-mobil,15 10 * * *,shp-tfm-suku-cadang-mobil,15 11 * * *,shp-ext-suku-cadang-mobil-itm,45 8 * * *,shp-tfm-suku-cadang-mobil-itm,45 13 * * *,11043693
Perkakas-Perlengkapan-Kendaraan-cat.11043660.11043714,10:15,11:15,9:15,14:15,shp-ext-perkakas-perlengkapan-kendaraan,15 10 * * *,shp-tfm-perkakas-perlengkapan-kendaraan,15 11 * * *,shp-ext-perkakas-perlengkapan-kendaraan-itm,15 9 * * *,shp-tfm-perkakas-perlengkapan-kendaraan-itm,15 14 * * *,11043714
Perawatan-Kendaraan-cat.11043660.11043718,10:15,11:15,9:45,14:45,shp-ext-perawatan-kendaraan,15 10 * * *,shp-tfm-perawatan-kendaraan,15 11 * * *,shp-ext-perawatan-kendaraan-itm,45 9 * * *,shp-tfm-perawatan-kendaraan-itm,45 14 * * *,11043718
Oli-Pelumas-Kendaraan-cat.11043660.11043725,10:15,11:15,10:15,15:15,shp-ext-oli-pelumas-kendaraan,15 10 * * *,shp-tfm-oli-pelumas-kendaraan,15 11 * * *,shp-ext-oli-pelumas-kendaraan-itm,15 10 * * *,shp-tfm-oli-pelumas-kendaraan-itm,15 15 * * *,11043725
Gantungan-Sarung-Kunci-Kendaraan-cat.11043660.11043733,10:15,11:15,10:45,15:45,shp-ext-gantungan-sarung-kunci-kendaraan,15 10 * * *,shp-tfm-gantungan-sarung-kunci-kendaraan,15 11 * * *,shp-ext-gantungan-sarung-kunci-kendaraan-itm,45 10 * * *,shp-tfm-gantungan-sarung-kunci-kendaraan-itm,45 15 * * *,11043733
Sepeda-Motor-cat.11043660.11043734,10:30,11:30,11:15,16:15,shp-ext-sepeda-motor,30 10 * * *,shp-tfm-sepeda-motor,30 11 * * *,shp-ext-sepeda-motor-itm,15 11 * * *,shp-tfm-sepeda-motor-itm,15 16 * * *,11043734
Aksesoris-Sepeda-Motor-cat.11043660.11043735,10:30,11:30,11:45,16:45,shp-ext-aksesoris-sepeda-motor,30 10 * * *,shp-tfm-aksesoris-sepeda-motor,30 11 * * *,shp-ext-aksesoris-sepeda-motor-itm,45 11 * * *,shp-tfm-aksesoris-sepeda-motor-itm,45 16 * * *,11043735
Suku-Cadang-Motor-cat.11043660.11043747,10:30,11:30,12:15,17:15,shp-ext-suku-cadang-motor,30 10 * * *,shp-tfm-suku-cadang-motor,30 11 * * *,shp-ext-suku-cadang-motor-itm,15 12 * * *,shp-tfm-suku-cadang-motor-itm,15 17 * * *,11043747
Aksesoris-Pengendara-Motor-cat.11043660.11043770,10:30,11:30,12:45,17:45,shp-ext-aksesoris-pengendara-motor,30 10 * * *,shp-tfm-aksesoris-pengendara-motor,30 11 * * *,shp-ext-aksesoris-pengendara-motor-itm,45 12 * * *,shp-tfm-aksesoris-pengendara-motor-itm,45 17 * * *,11043770
E-Money-Aksesoris-cat.11043660.11043776,10:30,11:30,13:15,18:15,shp-ext-e-money-aksesoris,30 10 * * *,shp-tfm-e-money-aksesoris,30 11 * * *,shp-ext-e-money-aksesoris-itm,15 13 * * *,shp-tfm-e-money-aksesoris-itm,15 18 * * *,11043776
Denim-cat.11042849.11042850,10:45,11:45,13:45,18:45,shp-ext-denim,45 10 * * *,shp-tfm-denim,45 11 * * *,shp-ext-denim-itm,45 13 * * *,shp-tfm-denim-itm,45 18 * * *,11042850
Hoodie-Sweatshirt-cat.11042849.11042855,10:45,11:45,14:15,19:15,shp-ext-hoodie-sweatshirt,45 10 * * *,shp-tfm-hoodie-sweatshirt,45 11 * * *,shp-ext-hoodie-sweatshirt-itm,15 14 * * *,shp-tfm-hoodie-sweatshirt-itm,15 19 * * *,11042855
Sweater-Cardigan-cat.11042849.11042859,10:45,11:45,14:45,19:45,shp-ext-sweater-cardigan,45 10 * * *,shp-tfm-sweater-cardigan,45 11 * * *,shp-ext-sweater-cardigan-itm,45 14 * * *,shp-tfm-sweater-cardigan-itm,45 19 * * *,11042859
Jaket-Mantel-Rompi-cat.11042849.11042860,10:45,11:45,15:15,20:15,shp-ext-jaket-mantel-rompi,45 10 * * *,shp-tfm-jaket-mantel-rompi,45 11 * * *,shp-ext-jaket-mantel-rompi-itm,15 15 * * *,shp-tfm-jaket-mantel-rompi-itm,15 20 * * *,11042860
Jas-Formal-cat.11042849.11042865,10:45,11:45,15:45,20:45,shp-ext-jas-formal,45 10 * * *,shp-tfm-jas-formal,45 11 * * *,shp-ext-jas-formal-itm,45 15 * * *,shp-tfm-jas-formal-itm,45 20 * * *,11042865
Celana-Panjang-cat.11042849.11042871,11:00,12:00,16:15,21:15,shp-ext-celana-panjang,0 11 * * *,shp-tfm-celana-panjang,0 12 * * *,shp-ext-celana-panjang-itm,15 16 * * *,shp-tfm-celana-panjang-itm,15 21 * * *,11042871
Celana-Pendek-cat.11042849.11042876,11:00,12:00,16:45,21:45,shp-ext-celana-pendek,0 11 * * *,shp-tfm-celana-pendek,0 12 * * *,shp-ext-celana-pendek-itm,45 16 * * *,shp-tfm-celana-pendek-itm,45 21 * * *,11042876
Atasan-cat.11042849.11042877,11:00,12:00,17:15,22:15,shp-ext-atasan,0 11 * * *,shp-tfm-atasan,0 12 * * *,shp-ext-atasan-itm,15 17 * * *,shp-tfm-atasan-itm,15 22 * * *,11042877
Batik-cat.11042849.11042883,11:00,12:00,17:45,22:45,shp-ext-batik,0 11 * * *,shp-tfm-batik,0 12 * * *,shp-ext-batik-itm,45 17 * * *,shp-tfm-batik-itm,45 22 * * *,11042883
Pakaian-Dalam-cat.11042849.11042885,11:00,12:00,18:15,23:15,shp-ext-pakaian-dalam,0 11 * * *,shp-tfm-pakaian-dalam,0 12 * * *,shp-ext-pakaian-dalam-itm,15 18 * * *,shp-tfm-pakaian-dalam-itm,15 23 * * *,11042885
Pakaian-Tidur-cat.11042849.11042890,11:15,12:15,18:45,23:45,shp-ext-pakaian-tidur,15 11 * * *,shp-tfm-pakaian-tidur,15 12 * * *,shp-ext-pakaian-tidur-itm,45 18 * * *,shp-tfm-pakaian-tidur-itm,45 23 * * *,11042890
Set-Pakaian-Pria-cat.11042849.11042891,11:15,12:15,19:15,0:15,shp-ext-set-pakaian-pria,15 11 * * *,shp-tfm-set-pakaian-pria,15 12 * * *,shp-ext-set-pakaian-pria-itm,15 19 * * *,shp-tfm-set-pakaian-pria-itm,15 0 * * *,11042891
Pakaian-Tradisional-cat.11042849.11042892,11:15,12:15,19:45,0:45,shp-ext-pakaian-tradisional,15 11 * * *,shp-tfm-pakaian-tradisional,15 12 * * *,shp-ext-pakaian-tradisional-itm,45 19 * * *,shp-tfm-pakaian-tradisional-itm,45 0 * * *,11042892
Kostum-cat.11042849.11042897,11:15,12:15,20:15,1:15,shp-ext-kostum,15 11 * * *,shp-tfm-kostum,15 12 * * *,shp-ext-kostum-itm,15 20 * * *,shp-tfm-kostum-itm,15 1 * * *,11042897
Pakaian-Kerja-cat.11042849.11042898,11:15,12:15,20:45,1:45,shp-ext-pakaian-kerja,15 11 * * *,shp-tfm-pakaian-kerja,15 12 * * *,shp-ext-pakaian-kerja-itm,45 20 * * *,shp-tfm-pakaian-kerja-itm,45 1 * * *,11042898
Pakaian-Tradisional-cat.11042745.11042820,11:30,12:30,21:15,2:15,shp-ext-pakaian-tradisional,30 11 * * *,shp-tfm-pakaian-tradisional,30 12 * * *,shp-ext-pakaian-tradisional-itm,15 21 * * *,shp-tfm-pakaian-tradisional-itm,15 2 * * *,11042820
Kostum-cat.11042745.11042826,11:30,12:30,21:45,2:45,shp-ext-kostum,30 11 * * *,shp-tfm-kostum,30 12 * * *,shp-ext-kostum-itm,45 21 * * *,shp-tfm-kostum-itm,45 2 * * *,11042826
Kain-cat.11042745.11042828,11:30,12:30,22:15,3:15,shp-ext-kain,30 11 * * *,shp-tfm-kain,30 12 * * *,shp-ext-kain-itm,15 22 * * *,shp-tfm-kain-itm,15 3 * * *,11042828
Batik-cat.11042745.11042840,11:30,12:30,22:45,3:45,shp-ext-batik,30 11 * * *,shp-tfm-batik,30 12 * * *,shp-ext-batik-itm,45 22 * * *,shp-tfm-batik-itm,45 3 * * *,11042840
Denim-cat.11042745.11043127,11:30,12:30,23:15,4:15,shp-ext-denim,30 11 * * *,shp-tfm-denim,30 12 * * *,shp-ext-denim-itm,15 23 * * *,shp-tfm-denim-itm,15 4 * * *,11043127
Atasan-cat.11042745.11042746,11:45,12:45,23:45,4:45,shp-ext-atasan,45 11 * * *,shp-tfm-atasan,45 12 * * *,shp-ext-atasan-itm,45 23 * * *,shp-tfm-atasan-itm,45 4 * * *,11042746
Celana-Panjang-Legging-cat.11042745.11042754,11:45,12:45,0:15,5:15,shp-ext-celana-panjang-legging,45 11 * * *,shp-tfm-celana-panjang-legging,45 12 * * *,shp-ext-celana-panjang-legging-itm,15 0 * * *,shp-tfm-celana-panjang-legging-itm,15 5 * * *,11042754
Celana-Pendek-cat.11042745.11042762,11:45,12:45,0:45,5:45,shp-ext-celana-pendek,45 11 * * *,shp-tfm-celana-pendek,45 12 * * *,shp-ext-celana-pendek-itm,45 0 * * *,shp-tfm-celana-pendek-itm,45 5 * * *,11042762
Rok-cat.11042745.11042766,11:45,12:45,1:15,6:15,shp-ext-rok,45 11 * * *,shp-tfm-rok,45 12 * * *,shp-ext-rok-itm,15 1 * * *,shp-tfm-rok-itm,15 6 * * *,11042766
Dress-cat.11042745.11042770,11:45,12:45,1:45,6:45,shp-ext-dress,45 11 * * *,shp-tfm-dress,45 12 * * *,shp-ext-dress-itm,45 1 * * *,shp-tfm-dress-itm,45 6 * * *,11042770
Wedding-Dress-cat.11042745.11042774,12:00,13:00,2:15,7:15,shp-ext-wedding-dress,0 12 * * *,shp-tfm-wedding-dress,0 13 * * *,shp-ext-wedding-dress-itm,15 2 * * *,shp-tfm-wedding-dress-itm,15 7 * * *,11042774
Jumpsuit-Playsuit-Overall-cat.11042745.11042775,12:00,13:00,2:45,7:45,shp-ext-jumpsuit-playsuit-overall,0 12 * * *,shp-tfm-jumpsuit-playsuit-overall,0 13 * * *,shp-ext-jumpsuit-playsuit-overall-itm,45 2 * * *,shp-tfm-jumpsuit-playsuit-overall-itm,45 7 * * *,11042775
Jaket-Mantel-Rompi-cat.11042745.11042780,12:00,13:00,3:15,8:15,shp-ext-jaket-mantel-rompi,0 12 * * *,shp-tfm-jaket-mantel-rompi,0 13 * * *,shp-ext-jaket-mantel-rompi-itm,15 3 * * *,shp-tfm-jaket-mantel-rompi-itm,15 8 * * *,11042780
Sweater-Cardigan-cat.11042745.11042787,12:00,13:00,3:45,8:45,shp-ext-sweater-cardigan,0 12 * * *,shp-tfm-sweater-cardigan,0 13 * * *,shp-ext-sweater-cardigan-itm,45 3 * * *,shp-tfm-sweater-cardigan-itm,45 8 * * *,11042787
Hoodie-Sweatshirt-cat.11042745.11042788,12:00,13:00,4:15,9:15,shp-ext-hoodie-sweatshirt,0 12 * * *,shp-tfm-hoodie-sweatshirt,0 13 * * *,shp-ext-hoodie-sweatshirt-itm,15 4 * * *,shp-tfm-hoodie-sweatshirt-itm,15 9 * * *,11042788
Set-cat.11042745.11042792,12:15,13:15,4:45,9:45,shp-ext-set,15 12 * * *,shp-tfm-set,15 13 * * *,shp-ext-set-itm,45 4 * * *,shp-tfm-set-itm,45 9 * * *,11042792
Pakaian-Dalam-cat.11042745.11042797,12:15,13:15,5:15,10:15,shp-ext-pakaian-dalam,15 12 * * *,shp-tfm-pakaian-dalam,15 13 * * *,shp-ext-pakaian-dalam-itm,15 5 * * *,shp-tfm-pakaian-dalam-itm,15 10 * * *,11042797
Pakaian-Tidur-Piyama-cat.11042745.11042807,12:15,13:15,5:45,10:45,shp-ext-pakaian-tidur-piyama,15 12 * * *,shp-tfm-pakaian-tidur-piyama,15 13 * * *,shp-ext-pakaian-tidur-piyama-itm,45 5 * * *,shp-tfm-pakaian-tidur-piyama-itm,45 10 * * *,11042807
Baju-Hamil-cat.11042745.11042812,12:15,13:15,6:15,11:15,shp-ext-baju-hamil,15 12 * * *,shp-tfm-baju-hamil,15 13 * * *,shp-ext-baju-hamil-itm,15 6 * * *,shp-tfm-baju-hamil-itm,15 11 * * *,11042812
Perawatan-Tubuh-cat.11043145.11043146,12:15,13:15,6:45,11:45,shp-ext-perawatan-tubuh,15 12 * * *,shp-tfm-perawatan-tubuh,15 13 * * *,shp-ext-perawatan-tubuh-itm,45 6 * * *,shp-tfm-perawatan-tubuh-itm,45 11 * * *,11043146
Perawatan-Tangan-cat.11043145.11043159,12:30,13:30,7:15,12:15,shp-ext-perawatan-tangan,30 12 * * *,shp-tfm-perawatan-tangan,30 13 * * *,shp-ext-perawatan-tangan-itm,15 7 * * *,shp-tfm-perawatan-tangan-itm,15 12 * * *,11043159
Perawatan-Kaki-cat.11043145.11043164,12:30,13:30,7:45,12:45,shp-ext-perawatan-kaki,30 12 * * *,shp-tfm-perawatan-kaki,30 13 * * *,shp-ext-perawatan-kaki-itm,45 7 * * *,shp-tfm-perawatan-kaki-itm,45 12 * * *,11043164
Perawatan-Kuku-cat.11043145.11043169,12:30,13:30,8:15,13:15,shp-ext-perawatan-kuku,30 12 * * *,shp-tfm-perawatan-kuku,30 13 * * *,shp-ext-perawatan-kuku-itm,15 8 * * *,shp-tfm-perawatan-kuku-itm,15 13 * * *,11043169
Perawatan-Rambut-cat.11043145.11043178,12:30,13:30,8:45,13:45,shp-ext-perawatan-rambut,30 12 * * *,shp-tfm-perawatan-rambut,30 13 * * *,shp-ext-perawatan-rambut-itm,45 8 * * *,shp-tfm-perawatan-rambut-itm,45 13 * * *,11043178
Perawatan-Pria-cat.11043145.11043185,12:30,13:30,9:15,14:15,shp-ext-perawatan-pria,30 12 * * *,shp-tfm-perawatan-pria,30 13 * * *,shp-ext-perawatan-pria-itm,15 9 * * *,shp-tfm-perawatan-pria-itm,15 14 * * *,11043185
Parfum-Wewangian-cat.11043145.11043198,12:45,13:45,9:45,14:45,shp-ext-parfum-wewangian,45 12 * * *,shp-tfm-parfum-wewangian,45 13 * * *,shp-ext-parfum-wewangian-itm,45 9 * * *,shp-tfm-parfum-wewangian-itm,45 14 * * *,11043198
Kosmetik-Wajah-cat.11043145.11043202,12:45,13:45,10:15,15:15,shp-ext-kosmetik-wajah,45 12 * * *,shp-tfm-kosmetik-wajah,45 13 * * *,shp-ext-kosmetik-wajah-itm,15 10 * * *,shp-tfm-kosmetik-wajah-itm,15 15 * * *,11043202
Kosmetik-Mata-cat.11043145.11043212,12:45,13:45,10:45,15:45,shp-ext-kosmetik-mata,45 12 * * *,shp-tfm-kosmetik-mata,45 13 * * *,shp-ext-kosmetik-mata-itm,45 10 * * *,shp-tfm-kosmetik-mata-itm,45 15 * * *,11043212
Kosmetik-Bibir-cat.11043145.11043219,12:45,13:45,11:15,16:15,shp-ext-kosmetik-bibir,45 12 * * *,shp-tfm-kosmetik-bibir,45 13 * * *,shp-ext-kosmetik-bibir-itm,15 11 * * *,shp-tfm-kosmetik-bibir-itm,15 16 * * *,11043219
Pembersih-Make-Up-cat.11043145.11043226,12:45,13:45,11:45,16:45,shp-ext-pembersih-make-up,45 12 * * *,shp-tfm-pembersih-make-up,45 13 * * *,shp-ext-pembersih-make-up-itm,45 11 * * *,shp-tfm-pembersih-make-up-itm,45 16 * * *,11043226
Aksesoris-Make-Up-cat.11043145.11043227,13:00,14:00,12:15,17:15,shp-ext-aksesoris-make-up,0 13 * * *,shp-tfm-aksesoris-make-up,0 14 * * *,shp-ext-aksesoris-make-up-itm,15 12 * * *,shp-tfm-aksesoris-make-up-itm,15 17 * * *,11043227
Alat-Perawatan-Wajah-cat.11043145.11043240,13:00,14:00,12:45,17:45,shp-ext-alat-perawatan-wajah,0 13 * * *,shp-tfm-alat-perawatan-wajah,0 14 * * *,shp-ext-alat-perawatan-wajah-itm,45 12 * * *,shp-tfm-alat-perawatan-wajah-itm,45 17 * * *,11043240
Alat-Pelangsing-Tubuh-cat.11043145.11043245,13:00,14:00,13:15,18:15,shp-ext-alat-pelangsing-tubuh,0 13 * * *,shp-tfm-alat-pelangsing-tubuh,0 14 * * *,shp-ext-alat-pelangsing-tubuh-itm,15 13 * * *,shp-tfm-alat-pelangsing-tubuh-itm,15 18 * * *,11043245
Alat-Penghilang-Bulu-Rambut-cat.11043145.11043246,13:00,14:00,13:45,18:45,shp-ext-alat-penghilang-bulu-rambut,0 13 * * *,shp-tfm-alat-penghilang-bulu-rambut,0 14 * * *,shp-ext-alat-penghilang-bulu-rambut-itm,45 13 * * *,shp-tfm-alat-penghilang-bulu-rambut-itm,45 18 * * *,11043246
Alat-Rambut-cat.11043145.11043247,13:00,14:00,14:15,19:15,shp-ext-alat-rambut,0 13 * * *,shp-tfm-alat-rambut,0 14 * * *,shp-ext-alat-rambut-itm,15 14 * * *,shp-tfm-alat-rambut-itm,15 19 * * *,11043247
Perawatan-Wajah-cat.11043145.11043253,13:15,14:15,14:45,19:45,shp-ext-perawatan-wajah,15 13 * * *,shp-tfm-perawatan-wajah,15 14 * * *,shp-ext-perawatan-wajah-itm,45 14 * * *,shp-tfm-perawatan-wajah-itm,45 19 * * *,11043253
Treatment-Mata-cat.11043145.11043267,13:15,14:15,15:15,20:15,shp-ext-treatment-mata,15 13 * * *,shp-tfm-treatment-mata,15 14 * * *,shp-ext-treatment-mata-itm,15 15 * * *,shp-tfm-treatment-mata-itm,15 20 * * *,11043267
Treatment-Bibir-cat.11043145.11043272,13:15,14:15,15:45,20:45,shp-ext-treatment-bibir,15 13 * * *,shp-tfm-treatment-bibir,15 14 * * *,shp-ext-treatment-bibir-itm,45 15 * * *,shp-tfm-treatment-bibir-itm,45 20 * * *,11043272
Paket-Set-Kecantikan-cat.11043145.11043277,13:15,14:15,16:15,21:15,shp-ext-paket-set-kecantikan,15 13 * * *,shp-tfm-paket-set-kecantikan,15 14 * * *,shp-ext-paket-set-kecantikan-itm,15 16 * * *,shp-tfm-paket-set-kecantikan-itm,15 21 * * *,11043277
Renovasi-Rumah-cat.11043778.11043849,13:15,14:15,16:45,21:45,shp-ext-renovasi-rumah,15 13 * * *,shp-tfm-renovasi-rumah,15 14 * * *,shp-ext-renovasi-rumah-itm,45 16 * * *,shp-tfm-renovasi-rumah-itm,45 21 * * *,11043849
Perkakas-cat.11043778.11043863,13:30,14:30,17:15,22:15,shp-ext-perkakas,30 13 * * *,shp-tfm-perkakas,30 14 * * *,shp-ext-perkakas-itm,15 17 * * *,shp-tfm-perkakas-itm,15 22 * * *,11043863
Alat-Pemeliharaan-Rumah-cat.11043778.11043875,13:30,14:30,17:45,22:45,shp-ext-alat-pemeliharaan-rumah,30 13 * * *,shp-tfm-alat-pemeliharaan-rumah,30 14 * * *,shp-ext-alat-pemeliharaan-rumah-itm,45 17 * * *,shp-tfm-alat-pemeliharaan-rumah-itm,45 22 * * *,11043875
Kebersihan-Binatu-cat.11043778.11043886,13:30,14:30,18:15,23:15,shp-ext-kebersihan-binatu,30 13 * * *,shp-tfm-kebersihan-binatu,30 14 * * *,shp-ext-kebersihan-binatu-itm,15 18 * * *,shp-tfm-kebersihan-binatu-itm,15 23 * * *,11043886
Peralatan-Dapur-cat.11043778.11043895,13:30,14:30,18:45,23:45,shp-ext-peralatan-dapur,30 13 * * *,shp-tfm-peralatan-dapur,30 14 * * *,shp-ext-peralatan-dapur-itm,45 18 * * *,shp-tfm-peralatan-dapur-itm,45 23 * * *,11043895
Peralatan-Masak-cat.11043778.11043909,13:30,14:30,19:15,0:15,shp-ext-peralatan-masak,30 13 * * *,shp-tfm-peralatan-masak,30 14 * * *,shp-ext-peralatan-masak-itm,15 19 * * *,shp-tfm-peralatan-masak-itm,15 0 * * *,11043909
Peralatan-Makan-cat.11043778.11043922,13:45,14:45,19:45,0:45,shp-ext-peralatan-makan,45 13 * * *,shp-tfm-peralatan-makan,45 14 * * *,shp-ext-peralatan-makan-itm,45 19 * * *,shp-tfm-peralatan-makan-itm,45 0 * * *,11043922
Alat-Pengaman-cat.11043778.11043934,13:45,14:45,20:15,1:15,shp-ext-alat-pengaman,45 13 * * *,shp-tfm-alat-pengaman,45 14 * * *,shp-ext-alat-pengaman-itm,15 20 * * *,shp-tfm-alat-pengaman-itm,15 1 * * *,11043934
Organizer-Rumah-cat.11043778.11043939,13:45,14:45,20:45,1:45,shp-ext-organizer-rumah,45 13 * * *,shp-tfm-organizer-rumah,45 14 * * *,shp-ext-organizer-rumah-itm,45 20 * * *,shp-tfm-organizer-rumah-itm,45 1 * * *,11043939
Perlengkapan-Keagamaan-cat.11043778.11043950,13:45,14:45,21:15,2:15,shp-ext-perlengkapan-keagamaan,45 13 * * *,shp-tfm-perlengkapan-keagamaan,45 14 * * *,shp-ext-perlengkapan-keagamaan-itm,15 21 * * *,shp-tfm-perlengkapan-keagamaan-itm,15 2 * * *,11043950
Payung-cat.11043778.11043952,13:45,14:45,21:45,2:45,shp-ext-payung,45 13 * * *,shp-tfm-payung,45 14 * * *,shp-ext-payung-itm,45 21 * * *,shp-tfm-payung-itm,45 2 * * *,11043952
Pengharum-Ruangan-Aromaterapi-cat.11043778.11043779,14:00,15:00,22:15,3:15,shp-ext-pengharum-ruangan-aromaterapi,0 14 * * *,shp-tfm-pengharum-ruangan-aromaterapi,0 15 * * *,shp-ext-pengharum-ruangan-aromaterapi-itm,15 22 * * *,shp-tfm-pengharum-ruangan-aromaterapi-itm,15 3 * * *,11043779
Kamar-Mandi-cat.11043778.11043783,14:00,15:00,22:45,3:45,shp-ext-kamar-mandi,0 14 * * *,shp-tfm-kamar-mandi,0 15 * * *,shp-ext-kamar-mandi-itm,45 22 * * *,shp-tfm-kamar-mandi-itm,45 3 * * *,11043783
Kamar-Tidur-cat.11043778.11043797,14:00,15:00,23:15,4:15,shp-ext-kamar-tidur,0 14 * * *,shp-tfm-kamar-tidur,0 15 * * *,shp-ext-kamar-tidur-itm,15 23 * * *,shp-tfm-kamar-tidur-itm,15 4 * * *,11043797
Dekorasi-cat.11043778.11043807,14:00,15:00,23:45,4:45,shp-ext-dekorasi,0 14 * * *,shp-tfm-dekorasi,0 15 * * *,shp-ext-dekorasi-itm,45 23 * * *,shp-tfm-dekorasi-itm,45 4 * * *,11043807
Furniture-cat.11043778.11043820,14:00,15:00,0:15,5:15,shp-ext-furniture,0 14 * * *,shp-tfm-furniture,0 15 * * *,shp-ext-furniture-itm,15 0 * * *,shp-tfm-furniture-itm,15 5 * * *,11043820
Taman-cat.11043778.11043838,14:15,15:15,0:45,5:45,shp-ext-taman,15 14 * * *,shp-tfm-taman,15 15 * * *,shp-ext-taman-itm,45 0 * * *,shp-tfm-taman-itm,45 5 * * *,11043838
Sneakers-cat.11042985.11042991,14:15,15:15,1:15,6:15,shp-ext-sneakers,15 14 * * *,shp-tfm-sneakers,15 15 * * *,shp-ext-sneakers-itm,15 1 * * *,shp-tfm-sneakers-itm,15 6 * * *,11042991
Kaos-Kaki-cat.11042985.11043009,14:15,15:15,1:45,6:45,shp-ext-kaos-kaki,15 14 * * *,shp-tfm-kaos-kaki,15 15 * * *,shp-ext-kaos-kaki-itm,45 1 * * *,shp-tfm-kaos-kaki-itm,45 6 * * *,11043009
Sandal-cat.11042985.11042996,14:15,15:15,2:15,7:15,shp-ext-sandal,15 14 * * *,shp-tfm-sandal,15 15 * * *,shp-ext-sandal-itm,15 2 * * *,shp-tfm-sandal-itm,15 7 * * *,11042996
Aksesoris-Perawatan-Sepatu-cat.11042985.11043002,14:15,15:15,2:45,7:45,shp-ext-aksesoris-perawatan-sepatu,15 14 * * *,shp-tfm-aksesoris-perawatan-sepatu,15 15 * * *,shp-ext-aksesoris-perawatan-sepatu-itm,45 2 * * *,shp-tfm-aksesoris-perawatan-sepatu-itm,45 7 * * *,11043002
Boot-cat.11042985.11042986,14:30,15:30,3:15,8:15,shp-ext-boot,30 14 * * *,shp-tfm-boot,30 15 * * *,shp-ext-boot-itm,15 3 * * *,shp-tfm-boot-itm,15 8 * * *,11042986
Tali-Sepatu-cat.11042985.11043008,14:30,15:30,3:45,8:45,shp-ext-tali-sepatu,30 14 * * *,shp-tfm-tali-sepatu,30 15 * * *,shp-ext-tali-sepatu-itm,45 3 * * *,shp-tfm-tali-sepatu-itm,45 8 * * *,11043008
Slip-On-Mules-cat.11042985.11042992,14:30,15:30,4:15,9:15,shp-ext-slip-on-mules,30 14 * * *,shp-tfm-slip-on-mules,30 15 * * *,shp-ext-slip-on-mules-itm,15 4 * * *,shp-tfm-slip-on-mules-itm,15 9 * * *,11042992
Sepatu-Formal-cat.11042985.11042993,14:30,15:30,4:45,9:45,shp-ext-sepatu-formal,30 14 * * *,shp-tfm-sepatu-formal,30 15 * * *,shp-ext-sepatu-formal-itm,45 4 * * *,shp-tfm-sepatu-formal-itm,45 9 * * *,11042993
Boots-cat.11042604.11042605,14:30,15:30,5:15,10:15,shp-ext-boots,30 14 * * *,shp-tfm-boots,30 15 * * *,shp-ext-boots-itm,15 5 * * *,shp-tfm-boots-itm,15 10 * * *,11042605
Sneakers-cat.11042604.11042609,14:45,15:45,5:45,10:45,shp-ext-sneakers,45 14 * * *,shp-tfm-sneakers,45 15 * * *,shp-ext-sneakers-itm,45 5 * * *,shp-tfm-sneakers-itm,45 10 * * *,11042609
Sepatu-Flat-cat.11042604.11042610,14:45,15:45,6:15,11:15,shp-ext-sepatu-flat,45 14 * * *,shp-tfm-sepatu-flat,45 15 * * *,shp-ext-sepatu-flat-itm,15 6 * * *,shp-tfm-sepatu-flat-itm,15 11 * * *,11042610
Loafers-Boat-Shoes-cat.11042604.11042615,14:45,15:45,6:45,11:45,shp-ext-loafers-boat-shoes,45 14 * * *,shp-tfm-loafers-boat-shoes,45 15 * * *,shp-ext-loafers-boat-shoes-itm,45 6 * * *,shp-tfm-loafers-boat-shoes-itm,45 11 * * *,11042615
Sepatu-Oxford-cat.11042604.11042616,14:45,15:45,7:15,12:15,shp-ext-sepatu-oxford,45 14 * * *,shp-tfm-sepatu-oxford,45 15 * * *,shp-ext-sepatu-oxford-itm,15 7 * * *,shp-tfm-sepatu-oxford-itm,15 12 * * *,11042616
Slip-Ons-Mary-Janes-Mules-cat.11042604.11042617,14:45,15:45,7:45,12:45,shp-ext-slip-ons-mary-janes-mules,45 14 * * *,shp-tfm-slip-ons-mary-janes-mules,45 15 * * *,shp-ext-slip-ons-mary-janes-mules-itm,45 7 * * *,shp-tfm-slip-ons-mary-janes-mules-itm,45 12 * * *,11042617
Heels-cat.11042604.11042618,15:00,16:00,8:15,13:15,shp-ext-heels,0 15 * * *,shp-tfm-heels,0 16 * * *,shp-ext-heels-itm,15 8 * * *,shp-tfm-heels-itm,15 13 * * *,11042618
Wedges-cat.11042604.11042623,15:00,16:00,8:45,13:45,shp-ext-wedges,0 15 * * *,shp-tfm-wedges,0 16 * * *,shp-ext-wedges-itm,45 8 * * *,shp-tfm-wedges-itm,45 13 * * *,11042623
Sandal-cat.11042604.11042624,15:00,16:00,9:15,14:15,shp-ext-sandal,0 15 * * *,shp-tfm-sandal,0 16 * * *,shp-ext-sandal-itm,15 9 * * *,shp-tfm-sandal-itm,15 14 * * *,11042624
Aksesoris-Perawatan-Sepatu-cat.11042604.11042630,15:00,16:00,9:45,14:45,shp-ext-aksesoris-perawatan-sepatu,0 15 * * *,shp-tfm-aksesoris-perawatan-sepatu,0 16 * * *,shp-ext-aksesoris-perawatan-sepatu-itm,45 9 * * *,shp-tfm-aksesoris-perawatan-sepatu-itm,45 14 * * *,11042630
Kaus-Kaki-Stocking-cat.11042604.11042637,15:00,16:00,10:15,15:15,shp-ext-kaus-kaki-stocking,0 15 * * *,shp-tfm-kaus-kaki-stocking,0 16 * * *,shp-ext-kaus-kaki-stocking-itm,15 10 * * *,shp-tfm-kaus-kaki-stocking-itm,15 15 * * *,11042637
Souvenir-Hadiah-cat.11044225.11044226,15:15,16:15,10:45,15:45,shp-ext-souvenir-hadiah,15 15 * * *,shp-tfm-souvenir-hadiah,15 16 * * *,shp-ext-souvenir-hadiah-itm,45 10 * * *,shp-tfm-souvenir-hadiah-itm,45 15 * * *,11044226
Balon-cat.11044225.11044232,15:15,16:15,11:15,16:15,shp-ext-balon,15 15 * * *,shp-tfm-balon,15 16 * * *,shp-ext-balon-itm,15 11 * * *,shp-tfm-balon-itm,15 16 * * *,11044232
Perlengkapan-Pesta-cat.11044225.11044237,15:15,16:15,11:45,16:45,shp-ext-perlengkapan-pesta,15 15 * * *,shp-tfm-perlengkapan-pesta,15 16 * * *,shp-ext-perlengkapan-pesta-itm,45 11 * * *,shp-tfm-perlengkapan-pesta-itm,45 16 * * *,11044237
Pembungkus-Kado-Kemasan-cat.11044225.11044245,15:15,16:15,12:15,17:15,shp-ext-pembungkus-kado-kemasan,15 15 * * *,shp-tfm-pembungkus-kado-kemasan,15 16 * * *,shp-ext-pembungkus-kado-kemasan-itm,15 12 * * *,shp-tfm-pembungkus-kado-kemasan-itm,15 17 * * *,11044245
Bunga-cat.11044225.11044253,15:15,16:15,12:45,17:45,shp-ext-bunga,15 15 * * *,shp-tfm-bunga,15 16 * * *,shp-ext-bunga-itm,45 12 * * *,shp-tfm-bunga-itm,45 17 * * *,11044253
Tas-Selempang-Bahu-Pria-cat.11043011.11043022,15:30,16:30,13:15,18:15,shp-ext-tas-selempang-bahu-pria,30 15 * * *,shp-tfm-tas-selempang-bahu-pria,30 16 * * *,shp-ext-tas-selempang-bahu-pria-itm,15 13 * * *,shp-tfm-tas-selempang-bahu-pria-itm,15 18 * * *,11043022
Dompet-cat.11043011.11043023,15:30,16:30,13:45,18:45,shp-ext-dompet,30 15 * * *,shp-tfm-dompet,30 16 * * *,shp-ext-dompet-itm,45 13 * * *,shp-tfm-dompet-itm,45 18 * * *,11043023
Ransel-Pria-cat.11043011.11043012,15:30,16:30,14:15,19:15,shp-ext-ransel-pria,30 15 * * *,shp-tfm-ransel-pria,30 16 * * *,shp-ext-ransel-pria-itm,15 14 * * *,shp-tfm-ransel-pria-itm,15 19 * * *,11043012
Tas-Pinggang-Pria-cat.11043011.11043021,15:30,16:30,14:45,19:45,shp-ext-tas-pinggang-pria,30 15 * * *,shp-tfm-tas-pinggang-pria,30 16 * * *,shp-ext-tas-pinggang-pria-itm,45 14 * * *,shp-tfm-tas-pinggang-pria-itm,45 19 * * *,11043021
Tas-Laptop-cat.11043011.11043013,15:30,16:30,15:15,20:15,shp-ext-tas-laptop,30 15 * * *,shp-tfm-tas-laptop,30 16 * * *,shp-ext-tas-laptop-itm,15 15 * * *,shp-tfm-tas-laptop-itm,15 20 * * *,11043013
Clutch-cat.11043011.11043020,15:45,16:45,15:45,20:45,shp-ext-clutch,45 15 * * *,shp-tfm-clutch,45 16 * * *,shp-ext-clutch-itm,45 15 * * *,shp-tfm-clutch-itm,45 20 * * *,11043020
Tote-Bag-cat.11043011.11043018,15:45,16:45,16:15,21:15,shp-ext-tote-bag,45 15 * * *,shp-tfm-tote-bag,45 16 * * *,shp-ext-tote-bag-itm,15 16 * * *,shp-tfm-tote-bag-itm,15 21 * * *,11043018
Tas-Kerja-cat.11043011.11043019,15:45,16:45,16:45,21:45,shp-ext-tas-kerja,45 15 * * *,shp-tfm-tas-kerja,45 16 * * *,shp-ext-tas-kerja-itm,45 16 * * *,shp-tfm-tas-kerja-itm,45 21 * * *,11043019
Ransel-Wanita-cat.11042642.11042643,15:45,16:45,17:15,22:15,shp-ext-ransel-wanita,45 15 * * *,shp-tfm-ransel-wanita,45 16 * * *,shp-ext-ransel-wanita-itm,15 17 * * *,shp-tfm-ransel-wanita-itm,15 22 * * *,11042643
Tas-Serut-cat.11042642.11042644,15:45,16:45,17:45,22:45,shp-ext-tas-serut,45 15 * * *,shp-tfm-tas-serut,45 16 * * *,shp-ext-tas-serut-itm,45 17 * * *,shp-tfm-tas-serut-itm,45 22 * * *,11042644
Tas-Laptop-cat.11042642.11042645,16:00,17:00,18:15,23:15,shp-ext-tas-laptop,0 16 * * *,shp-tfm-tas-laptop,0 17 * * *,shp-ext-tas-laptop-itm,15 18 * * *,shp-tfm-tas-laptop-itm,15 23 * * *,11042645
Clutch-cat.11042642.11042650,16:00,17:00,18:45,23:45,shp-ext-clutch,0 16 * * *,shp-tfm-clutch,0 17 * * *,shp-ext-clutch-itm,45 18 * * *,shp-tfm-clutch-itm,45 23 * * *,11042650
Tas-Pinggang-Wanita-cat.11042642.11042651,16:00,17:00,19:15,0:15,shp-ext-tas-pinggang-wanita,0 16 * * *,shp-tfm-tas-pinggang-wanita,0 17 * * *,shp-ext-tas-pinggang-wanita-itm,15 19 * * *,shp-tfm-tas-pinggang-wanita-itm,15 0 * * *,11042651
Tote-Bag-cat.11042642.11042652,16:00,17:00,19:45,0:45,shp-ext-tote-bag,0 16 * * *,shp-tfm-tote-bag,0 17 * * *,shp-ext-tote-bag-itm,45 19 * * *,shp-tfm-tote-bag-itm,45 0 * * *,11042652
Top-Handle-Bag-cat.11042642.11042655,16:00,17:00,20:15,1:15,shp-ext-top-handle-bag,0 16 * * *,shp-tfm-top-handle-bag,0 17 * * *,shp-ext-top-handle-bag-itm,15 20 * * *,shp-tfm-top-handle-bag-itm,15 1 * * *,11042655
Tas-Selempang-Bahu-Wanita-cat.11042642.11042656,16:15,17:15,20:45,1:45,shp-ext-tas-selempang-bahu-wanita,15 16 * * *,shp-tfm-tas-selempang-bahu-wanita,15 17 * * *,shp-ext-tas-selempang-bahu-wanita-itm,45 20 * * *,shp-tfm-tas-selempang-bahu-wanita-itm,45 1 * * *,11042656
Dompet-Wanita-cat.11042642.11042657,16:15,17:15,21:15,2:15,shp-ext-dompet-wanita,15 16 * * *,shp-tfm-dompet-wanita,15 17 * * *,shp-ext-dompet-wanita-itm,15 21 * * *,shp-tfm-dompet-wanita-itm,15 2 * * *,11042657
Aksesoris-Tas-cat.11042642.11042664,16:15,17:15,21:45,2:45,shp-ext-aksesoris-tas,15 16 * * *,shp-tfm-aksesoris-tas,15 17 * * *,shp-ext-aksesoris-tas-itm,45 21 * * *,shp-tfm-aksesoris-tas-itm,45 2 * * *,11042664
Koper-Tas-Travel-cat.11042642.11042672,16:15,17:15,22:15,3:15,shp-ext-koper-tas-travel,15 16 * * *,shp-tfm-koper-tas-travel,15 17 * * *,shp-ext-koper-tas-travel-itm,15 22 * * *,shp-tfm-koper-tas-travel-itm,15 3 * * *,11042672
Tiket-Event-cat.11044631.11044632,16:15,17:15,22:45,3:45,shp-ext-tiket-event,15 16 * * *,shp-tfm-tiket-event,15 17 * * *,shp-ext-tiket-event-itm,45 22 * * *,shp-tfm-tiket-event-itm,45 3 * * *,11044632
Belanja-cat.11044631.11044635,16:30,17:30,23:15,4:15,shp-ext-belanja,30 16 * * *,shp-tfm-belanja,30 17 * * *,shp-ext-belanja-itm,15 23 * * *,shp-tfm-belanja-itm,15 4 * * *,11044635
Data-cat.11044631.11044642,16:30,17:30,23:45,4:45,shp-ext-data,30 16 * * *,shp-tfm-data,30 17 * * *,shp-ext-data-itm,45 23 * * *,shp-tfm-data-itm,45 4 * * *,11044642
Pulsa-cat.11044631.11044648,16:30,17:30,0:15,5:15,shp-ext-pulsa,30 16 * * *,shp-tfm-pulsa,30 17 * * *,shp-ext-pulsa-itm,15 0 * * *,shp-tfm-pulsa-itm,15 5 * * *,11044648
Travel-Tour-cat.11044631.11044654,16:30,17:30,0:45,5:45,shp-ext-travel-tour,30 16 * * *,shp-tfm-travel-tour,30 17 * * *,shp-ext-travel-tour-itm,45 0 * * *,shp-tfm-travel-tour-itm,45 5 * * *,11044654
Gaming-cat.11044631.11044658,16:30,17:30,1:15,6:15,shp-ext-gaming,30 16 * * *,shp-tfm-gaming,30 17 * * *,shp-ext-gaming-itm,15 1 * * *,shp-tfm-gaming-itm,15 6 * * *,11044658
Shopee-cat.11044631.11044666,16:45,17:45,1:45,6:45,shp-ext-shopee,45 16 * * *,shp-tfm-shopee,45 17 * * *,shp-ext-shopee-itm,45 1 * * *,shp-tfm-shopee-itm,45 6 * * *,11044666