Category URL,Category Name,Extract Schedule (UTC),Transform Schedule (UTC),Extract Item Schedule (UTC),Transform Item Schedule (UTC),Extract Container Name,Extract Cron Schedule,Transform Container Name,Transform Cron Schedule,Extract Item Container Name,Extract Item Cron Schedule,Transform Item Container Name,Transform Item Cron Schedule
https://www.tokopedia.com/p/rumah-tangga/lain-lain,Lain-Lain,8:30,9:30,17:00,22:00,tkp-ext-lain-lain,30 8 * * *,tkp-tfm-lain-lain,30 9 * * *,tkp-ext-lain-lain-item,0 17 * * *,tkp-tfm-lain-lain-item,0 22 * * *
https://www.tokopedia.com/p/buku/lainnya,Lainnya,8:45,9:45,17:30,22:30,tkp-ext-lainnya,45 8 * * *,tkp-tfm-lainnya,45 9 * * *,tkp-ext-lainnya-item,30 17 * * *,tkp-tfm-lainnya-item,30 22 * * *
https://www.tokopedia.com/p/kesehatan/lainnya,Lainnya,8:45,9:45,18:00,23:00,tkp-ext-lainnya,45 8 * * *,tkp-tfm-lainnya,45 9 * * *,tkp-ext-lainnya-item,0 18 * * *,tkp-tfm-lainnya-item,0 23 * * *
https://www.tokopedia.com/p/mainan-hobi/lainnya,Lainnya,8:45,9:45,18:30,23:30,tkp-ext-lainnya,45 8 * * *,tkp-tfm-lainnya,45 9 * * *,tkp-ext-lainnya-item,30 18 * * *,tkp-tfm-lainnya-item,30 23 * * *
https://www.tokopedia.com/p/perlengkapan-pesta-craft/lainnya,Lainnya,8:45,9:45,19:00,0:00,tkp-ext-lainnya,45 8 * * *,tkp-tfm-lainnya,45 9 * * *,tkp-ext-lainnya-item,0 19 * * *,tkp-tfm-lainnya-item,0 0 * * *
https://www.tokopedia.com/p/elektronik/lampu,Lampu,8:45,9:45,19:30,0:30,tkp-ext-lampu,45 8 * * *,tkp-tfm-lampu,45 9 * * *,tkp-ext-lampu-item,30 19 * * *,tkp-tfm-lampu-item,30 0 * * *
https://www.tokopedia.com/p/komputer-laptop/laptop,Laptop,9:00,10:00,20:00,1:00,tkp-ext-laptop,0 9 * * *,tkp-tfm-laptop,0 10 * * *,tkp-ext-laptop-item,0 20 * * *,tkp-tfm-laptop-item,0 1 * * *
https://www.tokopedia.com/p/rumah-tangga/laundry,Laundry,9:00,10:00,20:30,1:30,tkp-ext-laundry,0 9 * * *,tkp-tfm-laundry,0 10 * * *,tkp-ext-laundry-item,30 20 * * *,tkp-tfm-laundry-item,30 1 * * *
https://www.tokopedia.com/p/pertukangan/ledeng,Ledeng,9:00,10:00,21:00,2:00,tkp-ext-ledeng,0 9 * * *,tkp-tfm-ledeng,0 10 * * *,tkp-ext-ledeng-item,0 21 * * *,tkp-tfm-ledeng-item,0 2 * * *
https://www.tokopedia.com/p/audio-kamera-elektronik-lainnya/lensa-aksesoris,Lensa & Aksesoris,9:00,10:00,21:30,2:30,tkp-ext-lensa-aksesoris,0 9 * * *,tkp-tfm-lensa-aksesoris,0 10 * * *,tkp-ext-lensa-aksesoris-item,30 21 * * *,tkp-tfm-lensa-aksesoris-item,30 2 * * *
https://www.tokopedia.com/p/audio-kamera-elektronik-lainnya/lighting-studio,Lighting & Studio,9:00,10:00,22:00,3:00,tkp-ext-lighting-studio,0 9 * * *,tkp-tfm-lighting-studio,0 10 * * *,tkp-ext-lighting-studio-item,0 22 * * *,tkp-tfm-lighting-studio-item,0 3 * * *
https://www.tokopedia.com/p/kecantikan/lip-color-lip-care,Lip Color & Lip Care,9:15,10:15,22:30,3:30,tkp-ext-lip-color-lip-care,15 9 * * *,tkp-tfm-lip-color-lip-care,15 10 * * *,tkp-ext-lip-color-lip-care-item,30 22 * * *,tkp-tfm-lip-color-lip-care-item,30 3 * * *
https://www.tokopedia.com/p/pertukangan/machinery,Machinery,9:15,10:15,23:00,4:00,tkp-ext-machinery,15 9 * * *,tkp-tfm-machinery,15 10 * * *,tkp-ext-machinery-item,0 23 * * *,tkp-tfm-machinery-item,0 4 * * *
https://www.tokopedia.com/p/ibu-bayi/mainan-aktivitas-bayi,Mainan & Aktivitas Bayi,9:15,10:15,23:30,4:30,tkp-ext-mainan-aktivitas-bayi,15 9 * * *,tkp-tfm-mainan-aktivitas-bayi,15 10 * * *,tkp-ext-mainan-aktivitas-bayi-item,30 23 * * *,tkp-tfm-mainan-aktivitas-bayi-item,30 4 * * *
https://www.tokopedia.com/p/mainan-hobi/mainan-anak-anak,Mainan Anak - Anak,9:15,10:15,0:00,5:00,tkp-ext-mainan-anak-anak,15 9 * * *,tkp-tfm-mainan-anak-anak,15 10 * * *,tkp-ext-mainan-anak-anak-item,0 0 * * *,tkp-tfm-mainan-anak-anak-item,0 5 * * *
https://www.tokopedia.com/p/mainan-hobi/mainan-remote-control,Mainan Remote Control,9:15,10:15,0:30,5:30,tkp-ext-mainan-remote-control,15 9 * * *,tkp-tfm-mainan-remote-control,15 10 * * *,tkp-ext-mainan-remote-control-item,30 0 * * *,tkp-tfm-mainan-remote-control-item,30 5 * * *
https://www.tokopedia.com/p/buku/majalah,Majalah,9:30,10:30,1:00,6:00,tkp-ext-majalah,30 9 * * *,tkp-tfm-majalah,30 10 * * *,tkp-ext-majalah-item,0 1 * * *,tkp-tfm-majalah-item,0 6 * * *
https://www.tokopedia.com/p/makanan-minuman/makanan-beku,Makanan Beku,9:30,10:30,1:30,6:30,tkp-ext-makanan-beku,30 9 * * *,tkp-tfm-makanan-beku,30 10 * * *,tkp-ext-makanan-beku-item,30 1 * * *,tkp-tfm-makanan-beku-item,30 6 * * *
https://www.tokopedia.com/p/makanan-minuman/makanan-jadi,Makanan Jadi,9:30,10:30,2:00,7:00,tkp-ext-makanan-jadi,30 9 * * *,tkp-tfm-makanan-jadi,30 10 * * *,tkp-ext-makanan-jadi-item,0 2 * * *,tkp-tfm-makanan-jadi-item,0 7 * * *
https://www.tokopedia.com/p/makanan-minuman/makanan-kering,Makanan Kering,9:30,10:30,2:30,7:30,tkp-ext-makanan-kering,30 9 * * *,tkp-tfm-makanan-kering,30 10 * * *,tkp-ext-makanan-kering-item,30 2 * * *,tkp-tfm-makanan-kering-item,30 7 * * *
https://www.tokopedia.com/p/wedding/makanan-minuman-pernikahan,Makanan & Minuman Pernikahan,9:30,10:30,3:00,8:00,tkp-ext-makanan-minuman-pernikahan,30 9 * * *,tkp-tfm-makanan-minuman-pernikahan,30 10 * * *,tkp-ext-makanan-minuman-pernikahan-item,0 3 * * *,tkp-tfm-makanan-minuman-pernikahan-item,0 8 * * *
https://www.tokopedia.com/p/makanan-minuman/makanan-ringan,Makanan Ringan,9:45,10:45,3:30,8:30,tkp-ext-makanan-ringan,45 9 * * *,tkp-tfm-makanan-ringan,45 10 * * *,tkp-ext-makanan-ringan-item,30 3 * * *,tkp-tfm-makanan-ringan-item,30 8 * * *
https://www.tokopedia.com/p/makanan-minuman/makanan-sarapan,Makanan Sarapan,9:45,10:45,4:00,9:00,tkp-ext-makanan-sarapan,45 9 * * *,tkp-tfm-makanan-sarapan,45 10 * * *,tkp-ext-makanan-sarapan-item,0 4 * * *,tkp-tfm-makanan-sarapan-item,0 9 * * *
https://www.tokopedia.com/p/ibu-bayi/makanan-susu-bayi,Makanan & Susu Bayi,9:45,10:45,4:30,9:30,tkp-ext-makanan-susu-bayi,45 9 * * *,tkp-tfm-makanan-susu-bayi,45 10 * * *,tkp-ext-makanan-susu-bayi-item,30 4 * * *,tkp-tfm-makanan-susu-bayi-item,30 9 * * *
https://www.tokopedia.com/p/ibu-bayi/makanan-susu-ibu-hamil,Makanan & Susu Ibu Hamil,9:45,10:45,5:00,10:00,tkp-ext-makanan-susu-ibu-hamil,45 9 * * *,tkp-tfm-makanan-susu-ibu-hamil,45 10 * * *,tkp-ext-makanan-susu-ibu-hamil-item,0 5 * * *,tkp-tfm-makanan-susu-ibu-hamil-item,0 10 * * *
https://www.tokopedia.com/p/kecantikan/make-up-mata,Make up Mata,9:45,10:45,5:30,10:30,tkp-ext-make-up-mata,45 9 * * *,tkp-tfm-make-up-mata,45 10 * * *,tkp-ext-make-up-mata-item,30 5 * * *,tkp-tfm-make-up-mata-item,30 10 * * *
https://www.tokopedia.com/p/kecantikan/make-up-tools,Make up Tools,10:00,11:00,6:00,11:00,tkp-ext-make-up-tools,0 10 * * *,tkp-tfm-make-up-tools,0 11 * * *,tkp-ext-make-up-tools-item,0 6 * * *,tkp-tfm-make-up-tools-item,0 11 * * *
https://www.tokopedia.com/p/kecantikan/make-up-wajah,Make up Wajah,10:00,11:00,6:30,11:30,tkp-ext-make-up-wajah,0 10 * * *,tkp-tfm-make-up-wajah,0 11 * * *,tkp-ext-make-up-wajah-item,30 6 * * *,tkp-tfm-make-up-wajah-item,30 11 * * *
https://www.tokopedia.com/p/fashion-muslim/masker-hijab,Masker Hijab,10:00,11:00,7:00,12:00,tkp-ext-masker-hijab,0 10 * * *,tkp-tfm-masker-hijab,0 11 * * *,tkp-ext-masker-hijab-item,0 7 * * *,tkp-tfm-masker-hijab-item,0 12 * * *
https://www.tokopedia.com/p/kecantikan/masker-kecantikan,Masker Kecantikan,10:00,11:00,7:30,12:30,tkp-ext-masker-kecantikan,0 10 * * *,tkp-tfm-masker-kecantikan,0 11 * * *,tkp-ext-masker-kecantikan-item,30 7 * * *,tkp-tfm-masker-kecantikan-item,30 12 * * *
https://www.tokopedia.com/p/kesehatan/masker-medis-pelindung-wajah,Masker Medis & Pelindung Wajah,10:00,11:00,8:00,13:00,tkp-ext-masker-medis-pelindung-wajah,0 10 * * *,tkp-tfm-masker-medis-pelindung-wajah,0 11 * * *,tkp-ext-masker-medis-pelindung-wajah-item,0 8 * * *,tkp-tfm-masker-medis-pelindung-wajah-item,0 13 * * *
https://www.tokopedia.com/p/fashion-pria/masker-pria,Masker Pria,10:15,11:15,8:30,13:30,tkp-ext-masker-pria,15 10 * * *,tkp-tfm-masker-pria,15 11 * * *,tkp-ext-masker-pria-item,30 8 * * *,tkp-tfm-masker-pria-item,30 13 * * *
https://www.tokopedia.com/p/fashion-wanita/masker-wanita,Masker Wanita,10:15,11:15,9:00,14:00,tkp-ext-masker-wanita,15 10 * * *,tkp-tfm-masker-wanita,15 11 * * *,tkp-ext-masker-wanita-item,0 9 * * *,tkp-tfm-masker-wanita-item,0 14 * * *
https://www.tokopedia.com/p/pertukangan/material-bangunan,Material Bangunan,10:15,11:15,9:30,14:30,tkp-ext-material-bangunan,15 10 * * *,tkp-tfm-material-bangunan,15 11 * * *,tkp-ext-material-bangunan-item,30 9 * * *,tkp-tfm-material-bangunan-item,30 14 * * *
https://www.tokopedia.com/p/komputer-laptop/media-penyimpanan-data,Media Penyimpanan Data,10:15,11:15,10:00,15:00,tkp-ext-media-penyimpanan-data,15 10 * * *,tkp-tfm-media-penyimpanan-data,15 11 * * *,tkp-ext-media-penyimpanan-data-item,0 10 * * *,tkp-tfm-media-penyimpanan-data-item,0 15 * * *
https://www.tokopedia.com/p/elektronik/media-player,Media Player,10:15,11:15,10:30,15:30,tkp-ext-media-player,15 10 * * *,tkp-tfm-media-player,15 11 * * *,tkp-ext-media-player-item,30 10 * * *,tkp-tfm-media-player-item,30 15 * * *
https://www.tokopedia.com/p/komputer-laptop/memory-card,Memory Card,10:30,11:30,11:00,16:00,tkp-ext-memory-card,30 10 * * *,tkp-tfm-memory-card,30 11 * * *,tkp-ext-memory-card-item,0 11 * * *,tkp-tfm-memory-card-item,0 16 * * *
https://www.tokopedia.com/p/pertukangan/mesin-produksi,Mesin Produksi,10:30,11:30,11:30,16:30,tkp-ext-mesin-produksi,30 10 * * *,tkp-tfm-mesin-produksi,30 11 * * *,tkp-ext-mesin-produksi-item,30 11 * * *,tkp-tfm-mesin-produksi-item,30 16 * * *
https://www.tokopedia.com/p/makanan-minuman/mie-pasta,Mie & Pasta,10:30,11:30,12:00,17:00,tkp-ext-mie-pasta,30 10 * * *,tkp-tfm-mie-pasta,30 11 * * *,tkp-ext-mie-pasta-item,0 12 * * *,tkp-tfm-mie-pasta-item,0 17 * * *
https://www.tokopedia.com/p/makanan-minuman/minuman,Minuman,10:30,11:30,12:30,17:30,tkp-ext-minuman,30 10 * * *,tkp-tfm-minuman,30 11 * * *,tkp-ext-minuman-item,30 12 * * *,tkp-tfm-minuman-item,30 17 * * *
https://www.tokopedia.com/p/kecantikan/mix-palette,Mix Palette,10:30,11:30,13:00,18:00,tkp-ext-mix-palette,30 10 * * *,tkp-tfm-mix-palette,30 11 * * *,tkp-ext-mix-palette-item,0 13 * * *,tkp-tfm-mix-palette-item,0 18 * * *
https://www.tokopedia.com/p/otomotif/mobil,Mobil,10:45,11:45,13:30,18:30,tkp-ext-mobil,45 10 * * *,tkp-tfm-mobil,45 11 * * *,tkp-ext-mobil-item,30 13 * * *,tkp-tfm-mobil-item,30 18 * * *
https://www.tokopedia.com/p/mainan-hobi/model-kit,Model Kit,10:45,11:45,14:00,19:00,tkp-ext-model-kit,45 10 * * *,tkp-tfm-model-kit,45 11 * * *,tkp-ext-model-kit-item,0 14 * * *,tkp-tfm-model-kit-item,0 19 * * *
https://www.tokopedia.com/p/komputer-laptop/monitor,Monitor,10:45,11:45,14:30,19:30,tkp-ext-monitor,45 10 * * *,tkp-tfm-monitor,45 11 * * *,tkp-ext-monitor-item,30 14 * * *,tkp-tfm-monitor-item,30 19 * * *
https://www.tokopedia.com/p/pertukangan/motors-power-transmission,Motors & Power Transmission,10:45,11:45,15:00,20:00,tkp-ext-motors-power-transmission,45 10 * * *,tkp-tfm-motors-power-transmission,45 11 * * *,tkp-ext-motors-power-transmission-item,0 15 * * *,tkp-tfm-motors-power-transmission-item,0 20 * * *
https://www.tokopedia.com/p/film-musik/musik,Musik,10:45,11:45,15:30,20:30,tkp-ext-musik,45 10 * * *,tkp-tfm-musik,45 11 * * *,tkp-ext-musik-item,30 15 * * *,tkp-tfm-musik-item,30 20 * * *
https://www.tokopedia.com/p/komputer-laptop/networking,Networking,11:00,12:00,16:00,21:00,tkp-ext-networking,0 11 * * *,tkp-tfm-networking,0 12 * * *,tkp-ext-networking-item,0 16 * * *,tkp-tfm-networking-item,0 21 * * *
https://www.tokopedia.com/p/handphone-tablet/nomor-perdana-voucher,Nomor Perdana & Voucher,11:00,12:00,16:30,21:30,tkp-ext-nomor-perdana-voucher,0 11 * * *,tkp-tfm-nomor-perdana-voucher,0 12 * * *,tkp-ext-nomor-perdana-voucher-item,30 16 * * *,tkp-tfm-nomor-perdana-voucher-item,30 21 * * *
https://www.tokopedia.com/p/buku/novel-sastra,Novel & Sastra,11:00,12:00,17:00,22:00,tkp-ext-novel-sastra,0 11 * * *,tkp-tfm-novel-sastra,0 12 * * *,tkp-ext-novel-sastra-item,0 17 * * *,tkp-tfm-novel-sastra-item,0 22 * * *
https://www.tokopedia.com/p/kesehatan/obat-obatan,Obat - Obatan,11:00,12:00,17:30,22:30,tkp-ext-obat-obatan,0 11 * * *,tkp-tfm-obat-obatan,0 12 * * *,tkp-ext-obat-obatan-item,30 17 * * *,tkp-tfm-obat-obatan-item,30 22 * * *
https://www.tokopedia.com/p/olahraga/olahraga-air,Olahraga Air,11:00,12:00,18:00,23:00,tkp-ext-olahraga-air,0 11 * * *,tkp-tfm-olahraga-air,0 12 * * *,tkp-ext-olahraga-air-item,0 18 * * *,tkp-tfm-olahraga-air-item,0 23 * * *
https://www.tokopedia.com/p/otomotif/oli-penghemat-bbm,Oli & Penghemat BBM,11:15,12:15,18:30,23:30,tkp-ext-oli-penghemat-bbm,15 11 * * *,tkp-tfm-oli-penghemat-bbm,15 12 * * *,tkp-ext-oli-penghemat-bbm-item,30 18 * * *,tkp-tfm-oli-penghemat-bbm-item,30 23 * * *
https://www.tokopedia.com/p/pertukangan/otomasi-industrial,Otomasi Industrial,11:15,12:15,19:00,0:00,tkp-ext-otomasi-industrial,15 11 * * *,tkp-tfm-otomasi-industrial,15 12 * * *,tkp-ext-otomasi-industrial-item,0 19 * * *,tkp-tfm-otomasi-industrial-item,0 0 * * *
https://www.tokopedia.com/p/fashion-muslim/outerwear-muslim-wanita,Outerwear Muslim Wanita,11:15,12:15,19:30,0:30,tkp-ext-outerwear-muslim-wanita,15 11 * * *,tkp-tfm-outerwear-muslim-wanita,15 12 * * *,tkp-ext-outerwear-muslim-wanita-item,30 19 * * *,tkp-tfm-outerwear-muslim-wanita-item,30 0 * * *
https://www.tokopedia.com/p/fashion-pria/outerwear-pria,Outerwear Pria,11:15,12:15,20:00,1:00,tkp-ext-outerwear-pria,15 11 * * *,tkp-tfm-outerwear-pria,15 12 * * *,tkp-ext-outerwear-pria-item,0 20 * * *,tkp-tfm-outerwear-pria-item,0 1 * * *
https://www.tokopedia.com/p/fashion-wanita/outerwear-wanita,Outerwear Wanita,11:15,12:15,20:30,1:30,tkp-ext-outerwear-wanita,15 11 * * *,tkp-tfm-outerwear-wanita,15 12 * * *,tkp-ext-outerwear-wanita-item,30 20 * * *,tkp-tfm-outerwear-wanita-item,30 1 * * *
https://www.tokopedia.com/p/fashion-anak-bayi/pakaian-adat-anak,Pakaian Adat Anak,11:30,12:30,21:00,2:00,tkp-ext-pakaian-adat-anak,30 11 * * *,tkp-tfm-pakaian-adat-anak,30 12 * * *,tkp-ext-pakaian-adat-anak-item,0 21 * * *,tkp-tfm-pakaian-adat-anak-item,0 2 * * *
https://www.tokopedia.com/p/fashion-pria/pakaian-adat-pria,Pakaian Adat Pria,11:30,12:30,21:30,2:30,tkp-ext-pakaian-adat-pria,30 11 * * *,tkp-tfm-pakaian-adat-pria,30 12 * * *,tkp-ext-pakaian-adat-pria-item,30 21 * * *,tkp-tfm-pakaian-adat-pria-item,30 2 * * *
https://www.tokopedia.com/p/fashion-wanita/pakaian-adat-wanita,Pakaian Adat Wanita,11:30,12:30,22:00,3:00,tkp-ext-pakaian-adat-wanita,30 11 * * *,tkp-tfm-pakaian-adat-wanita,30 12 * * *,tkp-ext-pakaian-adat-wanita-item,0 22 * * *,tkp-tfm-pakaian-adat-wanita-item,0 3 * * *
https://www.tokopedia.com/p/fashion-anak-bayi/pakaian-anak-laki-laki,Pakaian Anak Laki-Laki,11:30,12:30,22:30,3:30,tkp-ext-pakaian-anak-laki-laki,30 11 * * *,tkp-tfm-pakaian-anak-laki-laki,30 12 * * *,tkp-ext-pakaian-anak-laki-laki-item,30 22 * * *,tkp-tfm-pakaian-anak-laki-laki-item,30 3 * * *
https://www.tokopedia.com/p/fashion-anak-bayi/pakaian-anak-perempuan,Pakaian Anak Perempuan,11:30,12:30,23:00,4:00,tkp-ext-pakaian-anak-perempuan,30 11 * * *,tkp-tfm-pakaian-anak-perempuan,30 12 * * *,tkp-ext-pakaian-anak-perempuan-item,0 23 * * *,tkp-tfm-pakaian-anak-perempuan-item,0 4 * * *
https://www.tokopedia.com/p/fashion-anak-bayi/pakaian-dalam-anak,Pakaian Dalam Anak,11:45,12:45,23:30,4:30,tkp-ext-pakaian-dalam-anak,45 11 * * *,tkp-tfm-pakaian-dalam-anak,45 12 * * *,tkp-ext-pakaian-dalam-anak-item,30 23 * * *,tkp-tfm-pakaian-dalam-anak-item,30 4 * * *
https://www.tokopedia.com/p/fashion-pria/pakaian-dalam-pria,Pakaian Dalam Pria,11:45,12:45,0:00,5:00,tkp-ext-pakaian-dalam-pria,45 11 * * *,tkp-tfm-pakaian-dalam-pria,45 12 * * *,tkp-ext-pakaian-dalam-pria-item,0 0 * * *,tkp-tfm-pakaian-dalam-pria-item,0 5 * * *
https://www.tokopedia.com/p/fashion-wanita/pakaian-dalam-wanita,Pakaian Dalam Wanita,11:45,12:45,0:30,5:30,tkp-ext-pakaian-dalam-wanita,45 11 * * *,tkp-tfm-pakaian-dalam-wanita,45 12 * * *,tkp-ext-pakaian-dalam-wanita-item,30 0 * * *,tkp-tfm-pakaian-dalam-wanita-item,30 5 * * *
https://www.tokopedia.com/p/ibu-bayi/pakaian-ibu-hamil,Pakaian Ibu Hamil,11:45,12:45,1:00,6:00,tkp-ext-pakaian-ibu-hamil,45 11 * * *,tkp-tfm-pakaian-ibu-hamil,45 12 * * *,tkp-ext-pakaian-ibu-hamil-item,0 1 * * *,tkp-tfm-pakaian-ibu-hamil-item,0 6 * * *
https://www.tokopedia.com/p/fashion-muslim/pakaian-muslim-anak,Pakaian Muslim Anak,11:45,12:45,1:30,6:30,tkp-ext-pakaian-muslim-anak,45 11 * * *,tkp-tfm-pakaian-muslim-anak,45 12 * * *,tkp-ext-pakaian-muslim-anak-item,30 1 * * *,tkp-tfm-pakaian-muslim-anak-item,30 6 * * *
https://www.tokopedia.com/p/fashion-muslim/pakaian-muslim-pria,Pakaian Muslim Pria,12:00,13:00,2:00,7:00,tkp-ext-pakaian-muslim-pria,0 12 * * *,tkp-tfm-pakaian-muslim-pria,0 13 * * *,tkp-ext-pakaian-muslim-pria-item,0 2 * * *,tkp-tfm-pakaian-muslim-pria-item,0 7 * * *
https://www.tokopedia.com/p/olahraga/pakaian-olahraga-pria,Pakaian Olahraga Pria,12:00,13:00,2:30,7:30,tkp-ext-pakaian-olahraga-pria,0 12 * * *,tkp-tfm-pakaian-olahraga-pria,0 13 * * *,tkp-ext-pakaian-olahraga-pria-item,30 2 * * *,tkp-tfm-pakaian-olahraga-pria-item,30 7 * * *
https://www.tokopedia.com/p/olahraga/pakaian-olahraga-wanita,Pakaian Olahraga Wanita,12:00,13:00,3:00,8:00,tkp-ext-pakaian-olahraga-wanita,0 12 * * *,tkp-tfm-pakaian-olahraga-wanita,0 13 * * *,tkp-ext-pakaian-olahraga-wanita-item,0 3 * * *,tkp-tfm-pakaian-olahraga-wanita-item,0 8 * * *
https://www.tokopedia.com/p/wedding/paket-lengkap,Paket Lengkap,12:00,13:00,3:30,8:30,tkp-ext-paket-lengkap,0 12 * * *,tkp-tfm-paket-lengkap,0 13 * * *,tkp-ext-paket-lengkap-item,30 3 * * *,tkp-tfm-paket-lengkap-item,30 8 * * *
https://www.tokopedia.com/p/tour-travel/paket-tur,Paket Tur,12:00,13:00,4:00,9:00,tkp-ext-paket-tur,0 12 * * *,tkp-tfm-paket-tur,0 13 * * *,tkp-ext-paket-tur-item,0 4 * * *,tkp-tfm-paket-tur-item,0 9 * * *
https://www.tokopedia.com/p/olahraga/panahan,Panahan,12:15,13:15,4:30,9:30,tkp-ext-panahan,15 12 * * *,tkp-tfm-panahan,15 13 * * *,tkp-ext-panahan-item,30 4 * * *,tkp-tfm-panahan-item,30 9 * * *
https://www.tokopedia.com/p/perawatan-tubuh/parfum-cologne-fragrance,"Parfum, Cologne, & Fragrance",12:15,13:15,5:00,10:00,tkp-ext-parfum-cologne-fragrance,15 12 * * *,tkp-tfm-parfum-cologne-fragrance,15 13 * * *,tkp-ext-parfum-cologne-fragrance-item,0 5 * * *,tkp-tfm-parfum-cologne-fragrance-item,0 10 * * *
https://www.tokopedia.com/p/komputer-laptop/pc-laptop-gaming,PC & Laptop Gaming,12:15,13:15,5:30,10:30,tkp-ext-pc-laptop-gaming,15 12 * * *,tkp-tfm-pc-laptop-gaming,15 13 * * *,tkp-ext-pc-laptop-gaming-item,30 5 * * *,tkp-tfm-pc-laptop-gaming-item,30 10 * * *
https://www.tokopedia.com/p/kecantikan/pembersih-make-up,Pembersih Make Up,12:15,13:15,6:00,11:00,tkp-ext-pembersih-make-up,15 12 * * *,tkp-tfm-pembersih-make-up,15 13 * * *,tkp-ext-pembersih-make-up-item,0 6 * * *,tkp-tfm-pembersih-make-up-item,0 11 * * *
https://www.tokopedia.com/p/office-stationery/pemotong-kertas,Pemotong Kertas,12:15,13:15,6:30,11:30,tkp-ext-pemotong-kertas,15 12 * * *,tkp-tfm-pemotong-kertas,15 13 * * *,tkp-ext-pemotong-kertas-item,30 6 * * *,tkp-tfm-pemotong-kertas-item,30 11 * * *
https://www.tokopedia.com/p/buku/pendidikan,Pendidikan,12:30,13:30,7:00,12:00,tkp-ext-pendidikan,30 12 * * *,tkp-tfm-pendidikan,30 13 * * *,tkp-ext-pendidikan-item,0 7 * * *,tkp-tfm-pendidikan-item,0 12 * * *
https://www.tokopedia.com/p/buku/pengembangan-diri-karir,Pengembangan Diri & Karir,12:30,13:30,7:30,12:30,tkp-ext-pengembangan-diri-karir,30 12 * * *,tkp-tfm-pengembangan-diri-karir,30 13 * * *,tkp-ext-pengembangan-diri-karir-item,30 7 * * *,tkp-tfm-pengembangan-diri-karir-item,30 12 * * *
https://www.tokopedia.com/p/office-stationery/pengikat-perekat,Pengikat & Perekat,12:30,13:30,8:00,13:00,tkp-ext-pengikat-perekat,30 12 * * *,tkp-tfm-pengikat-perekat,30 13 * * *,tkp-ext-pengikat-perekat-item,0 8 * * *,tkp-tfm-pengikat-perekat-item,0 13 * * *
https://www.tokopedia.com/p/dapur/penyimpanan-makanan,Penyimpanan Makanan,12:30,13:30,8:30,13:30,tkp-ext-penyimpanan-makanan,30 12 * * *,tkp-tfm-penyimpanan-makanan,30 13 * * *,tkp-ext-penyimpanan-makanan-item,30 8 * * *,tkp-tfm-penyimpanan-makanan-item,30 13 * * *
https://www.tokopedia.com/p/dapur/peralatan-baking,Peralatan Baking,12:30,13:30,9:00,14:00,tkp-ext-peralatan-baking,30 12 * * *,tkp-tfm-peralatan-baking,30 13 * * *,tkp-ext-peralatan-baking-item,0 9 * * *,tkp-tfm-peralatan-baking-item,0 14 * * *
https://www.tokopedia.com/p/dapur/peralatan-dapur,Peralatan Dapur,12:45,13:45,9:30,14:30,tkp-ext-peralatan-dapur,45 12 * * *,tkp-tfm-peralatan-dapur,45 13 * * *,tkp-ext-peralatan-dapur-item,30 9 * * *,tkp-tfm-peralatan-dapur-item,30 14 * * *
https://www.tokopedia.com/p/perlengkapan-pesta-craft/peralatan-jahit,Peralatan Jahit,12:45,13:45,10:00,15:00,tkp-ext-peralatan-jahit,45 12 * * *,tkp-tfm-peralatan-jahit,45 13 * * *,tkp-ext-peralatan-jahit-item,0 10 * * *,tkp-tfm-peralatan-jahit-item,0 15 * * *
https://www.tokopedia.com/p/dapur/peralatan-makan-minum,Peralatan Makan & Minum,12:45,13:45,10:30,15:30,tkp-ext-peralatan-makan-minum,45 12 * * *,tkp-tfm-peralatan-makan-minum,45 13 * * *,tkp-ext-peralatan-makan-minum-item,30 10 * * *,tkp-tfm-peralatan-makan-minum-item,30 15 * * *
https://www.tokopedia.com/p/dapur/peralatan-masak,Peralatan Masak,12:45,13:45,11:00,16:00,tkp-ext-peralatan-masak,45 12 * * *,tkp-tfm-peralatan-masak,45 13 * * *,tkp-ext-peralatan-masak-item,0 11 * * *,tkp-tfm-peralatan-masak-item,0 16 * * *
https://www.tokopedia.com/p/perlengkapan-pesta-craft/peralatan-melukis,Peralatan Melukis,12:45,13:45,11:30,16:30,tkp-ext-peralatan-melukis,45 12 * * *,tkp-tfm-peralatan-melukis,45 13 * * *,tkp-ext-peralatan-melukis-item,30 11 * * *,tkp-tfm-peralatan-melukis-item,30 16 * * *
https://www.tokopedia.com/p/perlengkapan-pesta-craft/peralatan-menggambar,Peralatan Menggambar,13:00,14:00,12:00,17:00,tkp-ext-peralatan-menggambar,0 13 * * *,tkp-tfm-peralatan-menggambar,0 14 * * *,tkp-ext-peralatan-menggambar-item,0 12 * * *,tkp-tfm-peralatan-menggambar-item,0 17 * * *
https://www.tokopedia.com/p/ibu-bayi/peralatan-perlengkapan-menyusui,Peralatan Perlengkapan Menyusui,13:00,14:00,12:30,17:30,tkp-ext-peralatan-perlengkapan-menyusui,0 13 * * *,tkp-tfm-peralatan-perlengkapan-menyusui,0 14 * * *,tkp-ext-peralatan-perlengkapan-menyusui-item,30 12 * * *,tkp-tfm-peralatan-perlengkapan-menyusui-item,30 17 * * *
https://www.tokopedia.com/p/audio-kamera-elektronik-lainnya/perangkat-elektronik-lainnya,Perangkat Elektronik Lainnya,13:00,14:00,13:00,18:00,tkp-ext-perangkat-elektronik-lainnya,0 13 * * *,tkp-tfm-perangkat-elektronik-lainnya,0 14 * * *,tkp-ext-perangkat-elektronik-lainnya-item,0 13 * * *,tkp-tfm-perangkat-elektronik-lainnya-item,0 18 * * *
https://www.tokopedia.com/p/audio-kamera-elektronik-lainnya/perangkat-keamanan,Perangkat Keamanan,13:00,14:00,13:30,18:30,tkp-ext-perangkat-keamanan,0 13 * * *,tkp-tfm-perangkat-keamanan,0 14 * * *,tkp-ext-perangkat-keamanan-item,30 13 * * *,tkp-tfm-perangkat-keamanan-item,30 18 * * *
https://www.tokopedia.com/p/perawatan-hewan/perawatan-anjing,Perawatan Anjing,13:00,14:00,14:00,19:00,tkp-ext-perawatan-anjing,0 13 * * *,tkp-tfm-perawatan-anjing,0 14 * * *,tkp-ext-perawatan-anjing-item,0 14 * * *,tkp-tfm-perawatan-anjing-item,0 19 * * *
https://www.tokopedia.com/p/perawatan-hewan/perawatan-ayam,Perawatan Ayam,13:15,14:15,14:30,19:30,tkp-ext-perawatan-ayam,15 13 * * *,tkp-tfm-perawatan-ayam,15 14 * * *,tkp-ext-perawatan-ayam-item,30 14 * * *,tkp-tfm-perawatan-ayam-item,30 19 * * *
https://www.tokopedia.com/p/ibu-bayi/perawatan-bayi,Perawatan Bayi,13:15,14:15,15:00,20:00,tkp-ext-perawatan-bayi,15 13 * * *,tkp-tfm-perawatan-bayi,15 14 * * *,tkp-ext-perawatan-bayi-item,0 15 * * *,tkp-tfm-perawatan-bayi-item,0 20 * * *
https://www.tokopedia.com/p/perawatan-hewan/perawatan-burung,Perawatan Burung,13:15,14:15,15:30,20:30,tkp-ext-perawatan-burung,15 13 * * *,tkp-tfm-perawatan-burung,15 14 * * *,tkp-ext-perawatan-burung-item,30 15 * * *,tkp-tfm-perawatan-burung-item,30 20 * * *
https://www.tokopedia.com/p/perawatan-hewan/perawatan-hamster,Perawatan Hamster,13:15,14:15,16:00,21:00,tkp-ext-perawatan-hamster,15 13 * * *,tkp-tfm-perawatan-hamster,15 14 * * *,tkp-ext-perawatan-hamster-item,0 16 * * *,tkp-tfm-perawatan-hamster-item,0 21 * * *
https://www.tokopedia.com/p/perawatan-hewan/perawatan-hewan-ternak,Perawatan Hewan Ternak,13:15,14:15,16:30,21:30,tkp-ext-perawatan-hewan-ternak,15 13 * * *,tkp-tfm-perawatan-hewan-ternak,15 14 * * *,tkp-ext-perawatan-hewan-ternak-item,30 16 * * *,tkp-tfm-perawatan-hewan-ternak-item,30 21 * * *
https://www.tokopedia.com/p/perawatan-hewan/perawatan-ikan,Perawatan Ikan,13:30,14:30,17:00,22:00,tkp-ext-perawatan-ikan,30 13 * * *,tkp-tfm-perawatan-ikan,30 14 * * *,tkp-ext-perawatan-ikan-item,0 17 * * *,tkp-tfm-perawatan-ikan-item,0 22 * * *
https://www.tokopedia.com/p/perawatan-tubuh/perawatan-kaki-tangan,Perawatan Kaki & Tangan,13:30,14:30,17:30,22:30,tkp-ext-perawatan-kaki-tangan,30 13 * * *,tkp-tfm-perawatan-kaki-tangan,30 14 * * *,tkp-ext-perawatan-kaki-tangan-item,30 17 * * *,tkp-tfm-perawatan-kaki-tangan-item,30 22 * * *
https://www.tokopedia.com/p/perawatan-hewan/perawatan-kelinci,Perawatan Kelinci,13:30,14:30,18:00,23:00,tkp-ext-perawatan-kelinci,30 13 * * *,tkp-tfm-perawatan-kelinci,30 14 * * *,tkp-ext-perawatan-kelinci-item,0 18 * * *,tkp-tfm-perawatan-kelinci-item,0 23 * * *
https://www.tokopedia.com/p/otomotif/perawatan-kendaraan,Perawatan Kendaraan,13:30,14:30,18:30,23:30,tkp-ext-perawatan-kendaraan,30 13 * * *,tkp-tfm-perawatan-kendaraan,30 14 * * *,tkp-ext-perawatan-kendaraan-item,30 18 * * *,tkp-tfm-perawatan-kendaraan-item,30 23 * * *
https://www.tokopedia.com/p/perawatan-hewan/perawatan-kucing,Perawatan Kucing,13:30,14:30,19:00,0:00,tkp-ext-perawatan-kucing,30 13 * * *,tkp-tfm-perawatan-kucing,30 14 * * *,tkp-ext-perawatan-kucing-item,0 19 * * *,tkp-tfm-perawatan-kucing-item,0 0 * * *
https://www.tokopedia.com/p/perawatan-tubuh/perawatan-kuku,Perawatan Kuku,13:45,14:45,19:30,0:30,tkp-ext-perawatan-kuku,45 13 * * *,tkp-tfm-perawatan-kuku,45 14 * * *,tkp-ext-perawatan-kuku-item,30 19 * * *,tkp-tfm-perawatan-kuku-item,30 0 * * *
https://www.tokopedia.com/p/perawatan-tubuh/perawatan-kulit,Perawatan Kulit,13:45,14:45,20:00,1:00,tkp-ext-perawatan-kulit,45 13 * * *,tkp-tfm-perawatan-kulit,45 14 * * *,tkp-ext-perawatan-kulit-item,0 20 * * *,tkp-tfm-perawatan-kulit-item,0 1 * * *
https://www.tokopedia.com/p/perawatan-tubuh/perawatan-mata,Perawatan Mata,13:45,14:45,20:30,1:30,tkp-ext-perawatan-mata,45 13 * * *,tkp-tfm-perawatan-mata,45 14 * * *,tkp-ext-perawatan-mata-item,30 20 * * *,tkp-tfm-perawatan-mata-item,30 1 * * *
https://www.tokopedia.com/p/perawatan-tubuh/perawatan-rambut,Perawatan Rambut,13:45,14:45,21:00,2:00,tkp-ext-perawatan-rambut,45 13 * * *,tkp-tfm-perawatan-rambut,45 14 * * *,tkp-ext-perawatan-rambut-item,0 21 * * *,tkp-tfm-perawatan-rambut-item,0 2 * * *
https://www.tokopedia.com/p/perawatan-hewan/perawatan-reptil,Perawatan Reptil,13:45,14:45,21:30,2:30,tkp-ext-perawatan-reptil,45 13 * * *,tkp-tfm-perawatan-reptil,45 14 * * *,tkp-ext-perawatan-reptil-item,30 21 * * *,tkp-tfm-perawatan-reptil-item,30 2 * * *
https://www.tokopedia.com/p/perawatan-tubuh/perawatan-telinga,Perawatan Telinga,14:00,15:00,22:00,3:00,tkp-ext-perawatan-telinga,0 14 * * *,tkp-tfm-perawatan-telinga,0 15 * * *,tkp-ext-perawatan-telinga-item,0 22 * * *,tkp-tfm-perawatan-telinga-item,0 3 * * *
https://www.tokopedia.com/p/kecantikan/perawatan-wajah,Perawatan Wajah,14:00,15:00,22:30,3:30,tkp-ext-perawatan-wajah,0 14 * * *,tkp-tfm-perawatan-wajah,0 15 * * *,tkp-ext-perawatan-wajah-item,30 22 * * *,tkp-tfm-perawatan-wajah-item,30 3 * * *
https://www.tokopedia.com/p/wedding/perhiasan-aksesori,Perhiasan & Aksesori,14:00,15:00,23:00,4:00,tkp-ext-perhiasan-aksesori,0 14 * * *,tkp-tfm-perhiasan-aksesori,0 15 * * *,tkp-ext-perhiasan-aksesori-item,0 23 * * *,tkp-tfm-perhiasan-aksesori-item,0 4 * * *
https://www.tokopedia.com/p/fashion-anak-bayi/perhiasan-anak,Perhiasan Anak,14:00,15:00,23:30,4:30,tkp-ext-perhiasan-anak,0 14 * * *,tkp-tfm-perhiasan-anak,0 15 * * *,tkp-ext-perhiasan-anak-item,30 23 * * *,tkp-tfm-perhiasan-anak-item,30 4 * * *
https://www.tokopedia.com/p/fashion-pria/perhiasan-pria,Perhiasan Pria,14:00,15:00,0:00,5:00,tkp-ext-perhiasan-pria,0 14 * * *,tkp-tfm-perhiasan-pria,0 15 * * *,tkp-ext-perhiasan-pria-item,0 0 * * *,tkp-tfm-perhiasan-pria-item,0 5 * * *
https://www.tokopedia.com/p/fashion-wanita/perhiasan-wanita,Perhiasan Wanita,14:15,15:15,0:30,5:30,tkp-ext-perhiasan-wanita,15 14 * * *,tkp-tfm-perhiasan-wanita,15 15 * * *,tkp-ext-perhiasan-wanita-item,30 0 * * *,tkp-tfm-perhiasan-wanita-item,30 5 * * *
https://www.tokopedia.com/p/otomotif/perkakas-kendaraan,Perkakas Kendaraan,14:15,15:15,1:00,6:00,tkp-ext-perkakas-kendaraan,15 14 * * *,tkp-tfm-perkakas-kendaraan,15 15 * * *,tkp-ext-perkakas-kendaraan-item,0 1 * * *,tkp-tfm-perkakas-kendaraan-item,0 6 * * *
https://www.tokopedia.com/p/film-musik/perlengkapan-alat-musik,Perlengkapan Alat Musik,14:15,15:15,1:30,6:30,tkp-ext-perlengkapan-alat-musik,15 14 * * *,tkp-tfm-perlengkapan-alat-musik,15 15 * * *,tkp-ext-perlengkapan-alat-musik-item,30 1 * * *,tkp-tfm-perlengkapan-alat-musik-item,30 6 * * *
https://www.tokopedia.com/p/dapur/perlengkapan-cuci-piring,Perlengkapan Cuci Piring,14:15,15:15,2:00,7:00,tkp-ext-perlengkapan-cuci-piring,15 14 * * *,tkp-tfm-perlengkapan-cuci-piring,15 15 * * *,tkp-ext-perlengkapan-cuci-piring-item,0 2 * * *,tkp-tfm-perlengkapan-cuci-piring-item,0 7 * * *
https://www.tokopedia.com/p/perawatan-hewan/perlengkapan-hewan,Perlengkapan Hewan,14:15,15:15,2:30,7:30,tkp-ext-perlengkapan-hewan,15 14 * * *,tkp-tfm-perlengkapan-hewan,15 15 * * *,tkp-ext-perlengkapan-hewan-item,30 2 * * *,tkp-tfm-perlengkapan-hewan-item,30 7 * * *
https://www.tokopedia.com/p/fashion-muslim/perlengkapan-ibadah,Perlengkapan Ibadah,14:30,15:30,3:00,8:00,tkp-ext-perlengkapan-ibadah,30 14 * * *,tkp-tfm-perlengkapan-ibadah,30 15 * * *,tkp-ext-perlengkapan-ibadah-item,0 3 * * *,tkp-tfm-perlengkapan-ibadah-item,0 8 * * *
https://www.tokopedia.com/p/perlengkapan-pesta-craft/perlengkapan-kaligrafi,Perlengkapan Kaligrafi,14:30,15:30,3:30,8:30,tkp-ext-perlengkapan-kaligrafi,30 14 * * *,tkp-tfm-perlengkapan-kaligrafi,30 15 * * *,tkp-ext-perlengkapan-kaligrafi-item,30 3 * * *,tkp-tfm-perlengkapan-kaligrafi-item,30 8 * * *
https://www.tokopedia.com/p/kesehatan/perlengkapan-kebersihan,Perlengkapan Kebersihan,14:30,15:30,4:00,9:00,tkp-ext-perlengkapan-kebersihan,30 14 * * *,tkp-tfm-perlengkapan-kebersihan,30 15 * * *,tkp-ext-perlengkapan-kebersihan-item,0 4 * * *,tkp-tfm-perlengkapan-kebersihan-item,0 9 * * *
https://www.tokopedia.com/p/olahraga/perlengkapan-lari,Perlengkapan Lari,14:30,15:30,4:30,9:30,tkp-ext-perlengkapan-lari,30 14 * * *,tkp-tfm-perlengkapan-lari,30 15 * * *,tkp-ext-perlengkapan-lari-item,30 4 * * *,tkp-tfm-perlengkapan-lari-item,30 9 * * *
https://www.tokopedia.com/p/pertukangan/perlengkapan-las,Perlengkapan Las,14:30,15:30,5:00,10:00,tkp-ext-perlengkapan-las,30 14 * * *,tkp-tfm-perlengkapan-las,30 15 * * *,tkp-ext-perlengkapan-las-item,0 5 * * *,tkp-tfm-perlengkapan-las-item,0 10 * * *
https://www.tokopedia.com/p/pertukangan/perlengkapan-listrik,Perlengkapan Listrik,14:45,15:45,5:30,10:30,tkp-ext-perlengkapan-listrik,45 14 * * *,tkp-tfm-perlengkapan-listrik,45 15 * * *,tkp-ext-perlengkapan-listrik-item,30 5 * * *,tkp-tfm-perlengkapan-listrik-item,30 10 * * *
https://www.tokopedia.com/p/ibu-bayi/perlengkapan-makan-bayi,Perlengkapan Makan Bayi,14:45,15:45,6:00,11:00,tkp-ext-perlengkapan-makan-bayi,45 14 * * *,tkp-tfm-perlengkapan-makan-bayi,45 15 * * *,tkp-ext-perlengkapan-makan-bayi-item,0 6 * * *,tkp-tfm-perlengkapan-makan-bayi-item,0 11 * * *
https://www.tokopedia.com/p/perawatan-tubuh/perlengkapan-mandi,Perlengkapan Mandi,14:45,15:45,6:30,11:30,tkp-ext-perlengkapan-mandi,45 14 * * *,tkp-tfm-perlengkapan-mandi,45 15 * * *,tkp-ext-perlengkapan-mandi-item,30 6 * * *,tkp-tfm-perlengkapan-mandi-item,30 11 * * *
https://www.tokopedia.com/p/ibu-bayi/perlengkapan-mandi-bayi,Perlengkapan Mandi Bayi,14:45,15:45,7:00,12:00,tkp-ext-perlengkapan-mandi-bayi,45 14 * * *,tkp-tfm-perlengkapan-mandi-bayi,45 15 * * *,tkp-ext-perlengkapan-mandi-bayi-item,0 7 * * *,tkp-tfm-perlengkapan-mandi-bayi-item,0 12 * * *
https://www.tokopedia.com/p/kesehatan/perlengkapan-medis,Perlengkapan Medis,14:45,15:45,7:30,12:30,tkp-ext-perlengkapan-medis,45 14 * * *,tkp-tfm-perlengkapan-medis,45 15 * * *,tkp-ext-perlengkapan-medis-item,30 7 * * *,tkp-tfm-perlengkapan-medis-item,30 12 * * *
https://www.tokopedia.com/p/ibu-bayi/perlengkapan-perawatan-ibu,Perlengkapan & Perawatan Ibu,15:00,16:00,8:00,13:00,tkp-ext-perlengkapan-perawatan-ibu,0 15 * * *,tkp-tfm-perlengkapan-perawatan-ibu,0 16 * * *,tkp-ext-perlengkapan-perawatan-ibu-item,0 8 * * *,tkp-tfm-perlengkapan-perawatan-ibu-item,0 13 * * *
https://www.tokopedia.com/p/mainan-hobi/perlengkapan-sulap,Perlengkapan Sulap,15:00,16:00,8:30,13:30,tkp-ext-perlengkapan-sulap,0 15 * * *,tkp-tfm-perlengkapan-sulap,0 16 * * *,tkp-ext-perlengkapan-sulap-item,30 8 * * *,tkp-tfm-perlengkapan-sulap-item,30 13 * * *
https://www.tokopedia.com/p/ibu-bayi/perlengkapan-tidur-bayi,Perlengkapan Tidur Bayi,15:00,16:00,9:00,14:00,tkp-ext-perlengkapan-tidur-bayi,0 15 * * *,tkp-tfm-perlengkapan-tidur-bayi,0 16 * * *,tkp-ext-perlengkapan-tidur-bayi-item,0 9 * * *,tkp-tfm-perlengkapan-tidur-bayi-item,0 14 * * *
https://www.tokopedia.com/p/mainan-hobi/permainan-kartu,Permainan Kartu,15:00,16:00,9:30,14:30,tkp-ext-permainan-kartu,0 15 * * *,tkp-tfm-permainan-kartu,0 16 * * *,tkp-ext-permainan-kartu-item,30 9 * * *,tkp-tfm-permainan-kartu-item,30 14 * * *
https://www.tokopedia.com/p/mainan-hobi/permainan-tradisional,Permainan Tradisional,15:00,16:00,10:00,15:00,tkp-ext-permainan-tradisional,0 15 * * *,tkp-tfm-permainan-tradisional,0 16 * * *,tkp-ext-permainan-tradisional-item,0 10 * * *,tkp-tfm-permainan-tradisional-item,0 15 * * *
https://www.tokopedia.com/p/perlengkapan-pesta-craft/persiapan-pernikahan,Persiapan Pernikahan,15:15,16:15,10:30,15:30,tkp-ext-persiapan-pernikahan,15 15 * * *,tkp-tfm-persiapan-pernikahan,15 16 * * *,tkp-ext-persiapan-pernikahan-item,30 10 * * *,tkp-tfm-persiapan-pernikahan-item,30 15 * * *
https://www.tokopedia.com/p/buku/pertanian,Pertanian,15:15,16:15,11:00,16:00,tkp-ext-pertanian,15 15 * * *,tkp-tfm-pertanian,15 16 * * *,tkp-ext-pertanian-item,0 11 * * *,tkp-tfm-pertanian-item,0 16 * * *
https://www.tokopedia.com/p/properti/perumahan,Perumahan,15:15,16:15,11:30,16:30,tkp-ext-perumahan,15 15 * * *,tkp-tfm-perumahan,15 16 * * *,tkp-ext-perumahan-item,30 11 * * *,tkp-tfm-perumahan-item,30 16 * * *
https://www.tokopedia.com/p/wedding/photography-videography,Photography & Videography,15:15,16:15,12:00,17:00,tkp-ext-photography-videography,15 15 * * *,tkp-tfm-photography-videography,15 16 * * *,tkp-ext-photography-videography-item,0 12 * * *,tkp-tfm-photography-videography-item,0 17 * * *
https://www.tokopedia.com/p/pertukangan/pneumatic,Pneumatic,15:15,16:15,12:30,17:30,tkp-ext-pneumatic,15 15 * * *,tkp-tfm-pneumatic,15 16 * * *,tkp-ext-pneumatic-item,30 12 * * *,tkp-tfm-pneumatic-item,30 17 * * *
https://www.tokopedia.com/p/ibu-bayi/popok,Popok,15:30,16:30,13:00,18:00,tkp-ext-popok,30 15 * * *,tkp-tfm-popok,30 16 * * *,tkp-ext-popok-item,0 13 * * *,tkp-tfm-popok-item,0 18 * * *
https://www.tokopedia.com/p/handphone-tablet/power-bank,Power Bank,15:30,16:30,13:30,18:30,tkp-ext-power-bank,30 15 * * *,tkp-tfm-power-bank,30 16 * * *,tkp-ext-power-bank-item,30 13 * * *,tkp-tfm-power-bank-item,30 18 * * *
https://www.tokopedia.com/p/pertukangan/power-tools,Power Tools,15:30,16:30,14:00,19:00,tkp-ext-power-tools,30 15 * * *,tkp-tfm-power-tools,30 16 * * *,tkp-ext-power-tools-item,0 14 * * *,tkp-tfm-power-tools-item,0 19 * * *
https://www.tokopedia.com/p/elektronik/printer,Printer,15:30,16:30,14:30,19:30,tkp-ext-printer,30 15 * * *,tkp-tfm-printer,30 16 * * *,tkp-ext-printer-item,30 14 * * *,tkp-tfm-printer-item,30 19 * * *
https://www.tokopedia.com/p/kesehatan/produk-dewasa,Produk Dewasa,15:30,16:30,15:00,20:00,tkp-ext-produk-dewasa,30 15 * * *,tkp-tfm-produk-dewasa,30 16 * * *,tkp-ext-produk-dewasa-item,0 15 * * *,tkp-tfm-produk-dewasa-item,0 20 * * *
https://www.tokopedia.com/p/perawatan-tubuh/produk-kewanitaan,Produk Kewanitaan,15:45,16:45,15:30,20:30,tkp-ext-produk-kewanitaan,45 15 * * *,tkp-tfm-produk-kewanitaan,45 16 * * *,tkp-ext-produk-kewanitaan-item,30 15 * * *,tkp-tfm-produk-kewanitaan-item,30 20 * * *
https://www.tokopedia.com/p/mainan-hobi/puzzle,Puzzle,15:45,16:45,16:00,21:00,tkp-ext-puzzle,45 15 * * *,tkp-tfm-puzzle,45 16 * * *,tkp-ext-puzzle-item,0 16 * * *,tkp-tfm-puzzle-item,0 21 * * *
https://www.tokopedia.com/p/buku/religi-spiritual,Religi & Spiritual,15:45,16:45,16:30,21:30,tkp-ext-religi-spiritual,45 15 * * *,tkp-tfm-religi-spiritual,45 16 * * *,tkp-ext-religi-spiritual-item,30 16 * * *,tkp-tfm-religi-spiritual-item,30 21 * * *
https://www.tokopedia.com/p/rumah-tangga/ruang-tamu-keluarga,Ruang Tamu & Keluarga,15:45,16:45,17:00,22:00,tkp-ext-ruang-tamu-keluarga,45 15 * * *,tkp-tfm-ruang-tamu-keluarga,45 16 * * *,tkp-ext-ruang-tamu-keluarga-item,0 17 * * *,tkp-tfm-ruang-tamu-keluarga-item,0 22 * * *
https://www.tokopedia.com/p/makanan-minuman/sayur,Sayur,15:45,16:45,17:30,22:30,tkp-ext-sayur,45 15 * * *,tkp-tfm-sayur,45 16 * * *,tkp-ext-sayur-item,30 17 * * *,tkp-tfm-sayur-item,30 22 * * *
https://www.tokopedia.com/p/makanan-minuman/seafood,Seafood,16:00,17:00,18:00,23:00,tkp-ext-seafood,0 16 * * *,tkp-tfm-seafood,0 17 * * *,tkp-ext-seafood-item,0 18 * * *,tkp-tfm-seafood-item,0 23 * * *
https://www.tokopedia.com/p/olahraga/sepak-bola-futsal,Sepak Bola & Futsal,16:00,17:00,18:30,23:30,tkp-ext-sepak-bola-futsal,0 16 * * *,tkp-tfm-sepak-bola-futsal,0 17 * * *,tkp-ext-sepak-bola-futsal-item,30 18 * * *,tkp-tfm-sepak-bola-futsal-item,30 23 * * *
https://www.tokopedia.com/p/fashion-anak-bayi/sepatu-anak-laki-laki,Sepatu Anak Laki-laki,16:00,17:00,19:00,0:00,tkp-ext-sepatu-anak-laki-laki,0 16 * * *,tkp-tfm-sepatu-anak-laki-laki,0 17 * * *,tkp-ext-sepatu-anak-laki-laki-item,0 19 * * *,tkp-tfm-sepatu-anak-laki-laki-item,0 0 * * *
https://www.tokopedia.com/p/fashion-anak-bayi/sepatu-anak-perempuan,Sepatu Anak Perempuan,16:00,17:00,19:30,0:30,tkp-ext-sepatu-anak-perempuan,0 16 * * *,tkp-tfm-sepatu-anak-perempuan,0 17 * * *,tkp-ext-sepatu-anak-perempuan-item,30 19 * * *,tkp-tfm-sepatu-anak-perempuan-item,30 0 * * *
https://www.tokopedia.com/p/fashion-pria/sepatu-pria,Sepatu Pria,16:00,17:00,20:00,1:00,tkp-ext-sepatu-pria,0 16 * * *,tkp-tfm-sepatu-pria,0 17 * * *,tkp-ext-sepatu-pria-item,0 20 * * *,tkp-tfm-sepatu-pria-item,0 1 * * *
https://www.tokopedia.com/p/olahraga/sepatu-roda-skateboard,Sepatu Roda & Skateboard,16:15,17:15,20:30,1:30,tkp-ext-sepatu-roda-skateboard,15 16 * * *,tkp-tfm-sepatu-roda-skateboard,15 17 * * *,tkp-ext-sepatu-roda-skateboard-item,30 20 * * *,tkp-tfm-sepatu-roda-skateboard-item,30 1 * * *
https://www.tokopedia.com/p/fashion-wanita/sepatu-wanita,Sepatu Wanita,16:15,17:15,21:00,2:00,tkp-ext-sepatu-wanita,15 16 * * *,tkp-tfm-sepatu-wanita,15 17 * * *,tkp-ext-sepatu-wanita-item,0 21 * * *,tkp-tfm-sepatu-wanita-item,0 2 * * *
https://www.tokopedia.com/p/olahraga/sepeda,Sepeda,16:15,17:15,21:30,2:30,tkp-ext-sepeda,15 16 * * *,tkp-tfm-sepeda,15 17 * * *,tkp-ext-sepeda-item,30 21 * * *,tkp-tfm-sepeda-item,30 2 * * *
https://www.tokopedia.com/p/otomotif/sepeda-motor,Sepeda Motor,16:15,17:15,22:00,3:00,tkp-ext-sepeda-motor,15 16 * * *,tkp-tfm-sepeda-motor,15 17 * * *,tkp-ext-sepeda-motor-item,0 22 * * *,tkp-tfm-sepeda-motor-item,0 3 * * *
https://www.tokopedia.com/p/fashion-pria/seragam-pria,Seragam Pria,16:15,17:15,22:30,3:30,tkp-ext-seragam-pria,15 16 * * *,tkp-tfm-seragam-pria,15 17 * * *,tkp-ext-seragam-pria-item,30 22 * * *,tkp-tfm-seragam-pria-item,30 3 * * *
https://www.tokopedia.com/p/fashion-anak-bayi/seragam-sekolah,Seragam Sekolah,16:30,17:30,23:00,4:00,tkp-ext-seragam-sekolah,30 16 * * *,tkp-tfm-seragam-sekolah,30 17 * * *,tkp-ext-seragam-sekolah-item,0 23 * * *,tkp-tfm-seragam-sekolah-item,0 4 * * *
https://www.tokopedia.com/p/fashion-wanita/seragam-wanita,Seragam Wanita,16:30,17:30,23:30,4:30,tkp-ext-seragam-wanita,30 16 * * *,tkp-tfm-seragam-wanita,30 17 * * *,tkp-ext-seragam-wanita-item,30 23 * * *,tkp-tfm-seragam-wanita-item,30 4 * * *
https://www.tokopedia.com/p/fashion-wanita/setelan-wanita,Setelan Wanita,16:30,17:30,0:00,5:00,tkp-ext-setelan-wanita,30 16 * * *,tkp-tfm-setelan-wanita,30 17 * * *,tkp-ext-setelan-wanita-item,0 0 * * *,tkp-tfm-setelan-wanita-item,0 5 * * *
https://www.tokopedia.com/p/wedding/sewa,Sewa,16:30,17:30,0:30,5:30,tkp-ext-sewa,30 16 * * *,tkp-tfm-sewa,30 17 * * *,tkp-ext-sewa-item,30 0 * * *,tkp-tfm-sewa-item,30 5 * * *
https://www.tokopedia.com/p/properti/sewa-properti,Sewa Properti,16:30,17:30,1:00,6:00,tkp-ext-sewa-properti,30 16 * * *,tkp-tfm-sewa-properti,30 17 * * *,tkp-ext-sewa-properti-item,0 1 * * *,tkp-tfm-sewa-properti-item,0 6 * * *
https://www.tokopedia.com/p/tour-travel/sim-card-wifi-internasional,Sim Card & Wifi Internasional,16:45,17:45,1:30,6:30,tkp-ext-sim-card-wifi-internasional,45 16 * * *,tkp-tfm-sim-card-wifi-internasional,45 17 * * *,tkp-ext-sim-card-wifi-internasional-item,30 1 * * *,tkp-tfm-sim-card-wifi-internasional-item,30 6 * * *
https://www.tokopedia.com/p/komputer-laptop/software,Software,16:45,17:45,2:00,7:00,tkp-ext-software,45 16 * * *,tkp-tfm-software,45 17 * * *,tkp-ext-software-item,0 2 * * *,tkp-tfm-software-item,0 7 * * *
https://www.tokopedia.com/p/buku/sosial-politik,Sosial Politik,16:45,17:45,2:30,7:30,tkp-ext-sosial-politik,45 16 * * *,tkp-tfm-sosial-politik,45 17 * * *,tkp-ext-sosial-politik-item,30 2 * * *,tkp-tfm-sosial-politik-item,30 7 * * *
https://www.tokopedia.com/p/wedding/souvenir-seserahan,Souvenir & Seserahan,16:45,17:45,3:00,8:00,tkp-ext-souvenir-seserahan,45 16 * * *,tkp-tfm-souvenir-seserahan,45 17 * * *,tkp-ext-souvenir-seserahan-item,0 3 * * *,tkp-tfm-souvenir-seserahan-item,0 8 * * *
https://www.tokopedia.com/p/otomotif/spare-part-mobil,Spare Part Mobil,16:45,17:45,3:30,8:30,tkp-ext-spare-part-mobil,45 16 * * *,tkp-tfm-spare-part-mobil,45 17 * * *,tkp-ext-spare-part-mobil-item,30 3 * * *,tkp-tfm-spare-part-mobil-item,30 8 * * *
https://www.tokopedia.com/p/otomotif/spare-part-motor,Spare Part Motor,0:05,1:05,4:00,9:00,tkp-ext-spare-part-motor,5 0 * * *,tkp-tfm-spare-part-motor,5 1 * * *,tkp-ext-spare-part-motor-item,0 4 * * *,tkp-tfm-spare-part-motor-item,0 9 * * *
https://www.tokopedia.com/p/mainan-hobi/stress-relieve-toys,Stress Relieve Toys,0:05,1:05,4:30,9:30,tkp-ext-stress-relieve-toys,5 0 * * *,tkp-tfm-stress-relieve-toys,5 1 * * *,tkp-ext-stress-relieve-toys-item,30 4 * * *,tkp-tfm-stress-relieve-toys-item,30 9 * * *
https://www.tokopedia.com/p/ibu-bayi/stroller-alat-bantu-bawa-bayi,Stroller & Alat Bantu Bawa Bayi,0:05,1:05,5:00,10:00,tkp-ext-stroller-alat-bantu-bawa-bayi,5 0 * * *,tkp-tfm-stroller-alat-bantu-bawa-bayi,5 1 * * *,tkp-ext-stroller-alat-bantu-bawa-bayi-item,0 5 * * *,tkp-tfm-stroller-alat-bantu-bawa-bayi-item,0 10 * * *
https://www.tokopedia.com/p/kecantikan/styling-rambut-wanita,Styling Rambut Wanita,0:05,1:05,5:30,10:30,tkp-ext-styling-rambut-wanita,5 0 * * *,tkp-tfm-styling-rambut-wanita,5 1 * * *,tkp-ext-styling-rambut-wanita-item,30 5 * * *,tkp-tfm-styling-rambut-wanita-item,30 10 * * *
https://www.tokopedia.com/p/kesehatan/suplemen-diet,Suplemen Diet,0:05,1:05,6:00,11:00,tkp-ext-suplemen-diet,5 0 * * *,tkp-tfm-suplemen-diet,5 1 * * *,tkp-ext-suplemen-diet-item,0 6 * * *,tkp-tfm-suplemen-diet-item,0 11 * * *
https://www.tokopedia.com/p/kecantikan/suplemen-kecantikan-collagen,Suplemen Kecantikan Collagen,0:20,1:20,6:30,11:30,tkp-ext-suplemen-kecantikan-collagen,20 0 * * *,tkp-tfm-suplemen-kecantikan-collagen,20 1 * * *,tkp-ext-suplemen-kecantikan-collagen-item,30 6 * * *,tkp-tfm-suplemen-kecantikan-collagen-item,30 11 * * *
https://www.tokopedia.com/p/office-stationery/surat-menyurat,Surat-Menyurat,0:20,1:20,7:00,12:00,tkp-ext-surat-menyurat,20 0 * * *,tkp-tfm-surat-menyurat,20 1 * * *,tkp-ext-surat-menyurat-item,0 7 * * *,tkp-tfm-surat-menyurat-item,0 12 * * *
https://www.tokopedia.com/p/makanan-minuman/susu-olahan-susu,Susu & Olahan Susu,0:20,1:20,7:30,12:30,tkp-ext-susu-olahan-susu,20 0 * * *,tkp-tfm-susu-olahan-susu,20 1 * * *,tkp-ext-susu-olahan-susu-item,30 7 * * *,tkp-tfm-susu-olahan-susu-item,30 12 * * *
https://www.tokopedia.com/p/handphone-tablet/tablet,Tablet,0:20,1:20,8:00,13:00,tkp-ext-tablet,20 0 * * *,tkp-tfm-tablet,20 1 * * *,tkp-ext-tablet-item,0 8 * * *,tkp-tfm-tablet-item,0 13 * * *
https://www.tokopedia.com/p/rumah-tangga/taman,Taman,0:20,1:20,8:30,13:30,tkp-ext-taman,20 0 * * *,tkp-tfm-taman,20 1 * * *,tkp-ext-taman-item,30 8 * * *,tkp-tfm-taman-item,30 13 * * *
https://www.tokopedia.com/p/pertukangan/tape-sealant-perekat,Tape & Sealant Perekat,0:35,1:35,9:00,14:00,tkp-ext-tape-sealant-perekat,35 0 * * *,tkp-tfm-tape-sealant-perekat,35 1 * * *,tkp-ext-tape-sealant-perekat-item,0 9 * * *,tkp-tfm-tape-sealant-perekat-item,0 14 * * *
https://www.tokopedia.com/p/fashion-anak-bayi/tas-anak,Tas Anak,0:35,1:35,9:30,14:30,tkp-ext-tas-anak,35 0 * * *,tkp-tfm-tas-anak,35 1 * * *,tkp-ext-tas-anak-item,30 9 * * *,tkp-tfm-tas-anak-item,30 14 * * *
https://www.tokopedia.com/p/audio-kamera-elektronik-lainnya/tas-case-kamera,Tas & Case Kamera,0:35,1:35,10:00,15:00,tkp-ext-tas-case-kamera,35 0 * * *,tkp-tfm-tas-case-kamera,35 1 * * *,tkp-ext-tas-case-kamera-item,0 10 * * *,tkp-tfm-tas-case-kamera-item,0 15 * * *
https://www.tokopedia.com/p/fashion-pria/tas-pria,Tas Pria,0:35,1:35,10:30,15:30,tkp-ext-tas-pria,35 0 * * *,tkp-tfm-tas-pria,35 1 * * *,tkp-ext-tas-pria-item,30 10 * * *,tkp-tfm-tas-pria-item,30 15 * * *
https://www.tokopedia.com/p/fashion-wanita/tas-wanita,Tas Wanita,0:35,1:35,11:00,16:00,tkp-ext-tas-wanita,35 0 * * *,tkp-tfm-tas-wanita,35 1 * * *,tkp-ext-tas-wanita-item,0 11 * * *,tkp-tfm-tas-wanita-item,0 16 * * *
https://www.tokopedia.com/p/buku/teknik-sains,Teknik & Sains,0:50,1:50,11:30,16:30,tkp-ext-teknik-sains,50 0 * * *,tkp-tfm-teknik-sains,50 1 * * *,tkp-ext-teknik-sains-item,30 11 * * *,tkp-tfm-teknik-sains-item,30 16 * * *
https://www.tokopedia.com/p/elektronik/telepon,Telepon,0:50,1:50,12:00,17:00,tkp-ext-telepon,50 0 * * *,tkp-tfm-telepon,50 1 * * *,tkp-ext-telepon-item,0 12 * * *,tkp-tfm-telepon-item,0 17 * * *
https://www.tokopedia.com/p/makanan-minuman/telur,Telur,0:50,1:50,12:30,17:30,tkp-ext-telur,50 0 * * *,tkp-tfm-telur,50 1 * * *,tkp-ext-telur-item,30 12 * * *,tkp-tfm-telur-item,30 17 * * *
https://www.tokopedia.com/p/rumah-tangga/tempat-penyimpanan,Tempat Penyimpanan,0:50,1:50,13:00,18:00,tkp-ext-tempat-penyimpanan,50 0 * * *,tkp-tfm-tempat-penyimpanan,50 1 * * *,tkp-ext-tempat-penyimpanan-item,0 13 * * *,tkp-tfm-tempat-penyimpanan-item,0 18 * * *
https://www.tokopedia.com/p/pertukangan/tenaga-surya,Tenaga Surya,0:50,1:50,13:30,18:30,tkp-ext-tenaga-surya,50 0 * * *,tkp-tfm-tenaga-surya,50 1 * * *,tkp-ext-tenaga-surya-item,30 13 * * *,tkp-tfm-tenaga-surya-item,30 18 * * *
https://www.tokopedia.com/p/olahraga/tenis,Tenis,1:05,2:05,14:00,19:00,tkp-ext-tenis,5 1 * * *,tkp-tfm-tenis,5 2 * * *,tkp-ext-tenis-item,0 14 * * *,tkp-tfm-tenis-item,0 19 * * *
https://www.tokopedia.com/p/olahraga/tenis-meja,Tenis meja,1:05,2:05,14:30,19:30,tkp-ext-tenis-meja,5 1 * * *,tkp-tfm-tenis-meja,5 2 * * *,tkp-ext-tenis-meja-item,30 14 * * *,tkp-tfm-tenis-meja-item,30 19 * * *
https://www.tokopedia.com/p/makanan-minuman/tepung,Tepung,1:05,2:05,15:00,20:00,tkp-ext-tepung,5 1 * * *,tkp-tfm-tepung,5 2 * * *,tkp-ext-tepung-item,0 15 * * *,tkp-tfm-tepung-item,0 20 * * *
https://www.tokopedia.com/p/kesehatan/tes-kehamilan-dan-masa-subur,Tes Kehamilan dan Masa Subur,1:05,2:05,15:30,20:30,tkp-ext-tes-kehamilan-dan-masa-subur,5 1 * * *,tkp-tfm-tes-kehamilan-dan-masa-subur,5 2 * * *,tkp-ext-tes-kehamilan-dan-masa-subur-item,30 15 * * *,tkp-tfm-tes-kehamilan-dan-masa-subur-item,30 20 * * *
https://www.tokopedia.com/p/tour-travel/tiket-atraksi,Tiket Atraksi,1:05,2:05,16:00,21:00,tkp-ext-tiket-atraksi,5 1 * * *,tkp-tfm-tiket-atraksi,5 2 * * *,tkp-ext-tiket-atraksi-item,0 16 * * *,tkp-tfm-tiket-atraksi-item,0 21 * * *
https://www.tokopedia.com/p/tour-travel/tiket-transportasi,Tiket Transportasi,1:20,2:20,16:30,21:30,tkp-ext-tiket-transportasi,20 1 * * *,tkp-tfm-tiket-transportasi,20 2 * * *,tkp-ext-tiket-transportasi-item,30 16 * * *,tkp-tfm-tiket-transportasi-item,30 21 * * *
https://www.tokopedia.com/p/fashion-pria/topi-pria,Topi  Pria,1:20,2:20,17:00,22:00,tkp-ext-topi-pria,20 1 * * *,tkp-tfm-topi-pria,20 2 * * *,tkp-ext-topi-pria-item,0 17 * * *,tkp-tfm-topi-pria-item,0 22 * * *
https://www.tokopedia.com/p/rumah-tangga/travel,Travel,1:20,2:20,17:30,22:30,tkp-ext-travel,20 1 * * *,tkp-tfm-travel,20 2 * * *,tkp-ext-travel-item,30 17 * * *,tkp-tfm-travel-item,30 22 * * *
https://www.tokopedia.com/p/kesehatan/tulang-otot-sendi,Tulang Otot & Sendi,1:20,2:20,18:00,23:00,tkp-ext-tulang-otot-sendi,20 1 * * *,tkp-tfm-tulang-otot-sendi,20 2 * * *,tkp-ext-tulang-otot-sendi-item,0 18 * * *,tkp-tfm-tulang-otot-sendi-item,0 23 * * *
https://www.tokopedia.com/p/elektronik/tv-aksesoris,TV & Aksesoris,1:20,2:20,18:30,23:30,tkp-ext-tv-aksesoris,20 1 * * *,tkp-tfm-tv-aksesoris,20 2 * * *,tkp-ext-tv-aksesoris-item,30 18 * * *,tkp-tfm-tv-aksesoris-item,30 23 * * *
https://www.tokopedia.com/p/wedding/undangan,Undangan,1:35,2:35,19:00,0:00,tkp-ext-undangan,35 1 * * *,tkp-tfm-undangan,35 2 * * *,tkp-ext-undangan-item,0 19 * * *,tkp-tfm-undangan-item,0 0 * * *
https://www.tokopedia.com/p/otomotif/velg-mobil,Velg Mobil,1:35,2:35,19:30,0:30,tkp-ext-velg-mobil,35 1 * * *,tkp-tfm-velg-mobil,35 2 * * *,tkp-ext-velg-mobil-item,30 19 * * *,tkp-tfm-velg-mobil-item,30 0 * * *
https://www.tokopedia.com/p/otomotif/velg-motor,Velg Motor,1:35,2:35,20:00,1:00,tkp-ext-velg-motor,35 1 * * *,tkp-tfm-velg-motor,35 2 * * *,tkp-ext-velg-motor-item,0 20 * * *,tkp-tfm-velg-motor-item,0 1 * * *
https://www.tokopedia.com/p/wedding/venue,Venue,1:35,2:35,20:30,1:30,tkp-ext-venue,35 1 * * *,tkp-tfm-venue,35 2 * * *,tkp-ext-venue-item,30 20 * * *,tkp-tfm-venue-item,30 1 * * *
https://www.tokopedia.com/p/audio-kamera-elektronik-lainnya/video,Video,1:35,2:35,21:00,2:00,tkp-ext-video,35 1 * * *,tkp-tfm-video,35 2 * * *,tkp-ext-video-item,0 21 * * *,tkp-tfm-video-item,0 2 * * *
https://www.tokopedia.com/p/gaming/virtual-reality,Virtual Reality,1:50,2:50,21:30,2:30,tkp-ext-virtual-reality,50 1 * * *,tkp-tfm-virtual-reality,50 2 * * *,tkp-ext-virtual-reality-item,30 21 * * *,tkp-tfm-virtual-reality-item,30 2 * * *
https://www.tokopedia.com/p/kesehatan/vitamin-multivitamin,Vitamin & Multivitamin,1:50,2:50,22:00,3:00,tkp-ext-vitamin-multivitamin,50 1 * * *,tkp-tfm-vitamin-multivitamin,50 2 * * *,tkp-ext-vitamin-multivitamin-item,0 22 * * *,tkp-tfm-vitamin-multivitamin-item,0 3 * * *
https://www.tokopedia.com/p/film-musik/vokal,Vokal,1:50,2:50,22:30,3:30,tkp-ext-vokal,50 1 * * *,tkp-tfm-vokal,50 2 * * *,tkp-ext-vokal-item,30 22 * * *,tkp-tfm-vokal-item,30 3 * * *
https://www.tokopedia.com/p/olahraga/voli,Voli,1:50,2:50,23:00,4:00,tkp-ext-voli,50 1 * * *,tkp-tfm-voli,50 2 * * *,tkp-ext-voli-item,0 23 * * *,tkp-tfm-voli-item,0 4 * * *
https://www.tokopedia.com/p/tour-travel/voucher-travel,Voucher Travel,1:50,2:50,23:30,4:30,tkp-ext-voucher-travel,50 1 * * *,tkp-tfm-voucher-travel,50 2 * * *,tkp-ext-voucher-travel-item,30 23 * * *,tkp-tfm-voucher-travel-item,30 4 * * *
https://www.tokopedia.com/p/handphone-tablet/wearable-devices,Wearable Devices,2:05,3:05,0:00,5:00,tkp-ext-wearable-devices,5 2 * * *,tkp-tfm-wearable-devices,5 3 * * *,tkp-ext-wearable-devices-item,0 0 * * *,tkp-tfm-wearable-devices-item,0 5 * * *
https://www.tokopedia.com/p/wedding/wedding-makanan-minuman,Wedding Makanan Minuman,2:05,3:05,0:30,5:30,tkp-ext-wedding-makanan-minuman,5 2 * * *,tkp-tfm-wedding-makanan-minuman,5 3 * * *,tkp-ext-wedding-makanan-minuman-item,30 0 * * *,tkp-tfm-wedding-makanan-minuman-item,30 5 * * *
https://www.tokopedia.com/p/wedding/wedding-organizer,Wedding Organizer,2:05,3:05,1:00,6:00,tkp-ext-wedding-organizer,5 2 * * *,tkp-tfm-wedding-organizer,5 3 * * *,tkp-ext-wedding-organizer-item,0 1 * * *,tkp-tfm-wedding-organizer-item,0 6 * * *
https://www.tokopedia.com/p/wedding/wedding-planning,Wedding Planning,2:05,3:05,1:30,6:30,tkp-ext-wedding-planning,5 2 * * *,tkp-tfm-wedding-planning,5 3 * * *,tkp-ext-wedding-planning-item,30 1 * * *,tkp-tfm-wedding-planning-item,30 6 * * *
https://www.tokopedia.com/p/wedding/wedding-stylist,Wedding Stylist,2:05,3:05,2:00,7:00,tkp-ext-wedding-stylist,5 2 * * *,tkp-tfm-wedding-stylist,5 3 * * *,tkp-ext-wedding-stylist-item,0 2 * * *,tkp-tfm-wedding-stylist-item,0 7 * * *
https://www.tokopedia.com/p/olahraga/yoga-pilates,Yoga & Pilates,2:20,3:20,2:30,7:30,tkp-ext-yoga-pilates,20 2 * * *,tkp-tfm-yoga-pilates,20 3 * * *,tkp-ext-yoga-pilates-item,30 2 * * *,tkp-tfm-yoga-pilates-item,30 7 * * *